Bus_name,Bus_type,Start_time,End_time,Total_duration,Price,Seats_Available,Ratings,Route_name,Route_link
APSRTC - 35188,VENNELA (A.C. SLEEPER),00:40,06:45,06h 05m,737,23 Seats available,N/A,Hyderabad to Vijayawada,https://www.redbus.in/bus-tickets/hyderabad-to-vijayawada
APSRTC - 3563,"SUPER LUXURY (NON-AC, 2 + 2 PUSH BACK)",01:00,07:15,06h 15m,412,30 Seats available,N/A,Hyderabad to Vijayawada,https://www.redbus.in/bus-tickets/hyderabad-to-vijayawada
APSRTC - 35266,VENNELA (A.C. SLEEPER),01:25,07:30,06h 05m,737,20 Seats available,N/A,Hyderabad to Vijayawada,https://www.redbus.in/bus-tickets/hyderabad-to-vijayawada
APSRTC - 3590,"SUPER LUXURY (NON-AC, 2 + 2 PUSH BACK)",01:45,08:00,06h 15m,412,33 Seats available,N/A,Hyderabad to Vijayawada,https://www.redbus.in/bus-tickets/hyderabad-to-vijayawada
APSRTC - 3058,VENNELA (A.C. SLEEPER),02:10,08:15,06h 05m,737,15 Seats available,N/A,Hyderabad to Vijayawada,https://www.redbus.in/bus-tickets/hyderabad-to-vijayawada
FRESHBUS,Electric A/C Seater (2+2),12:50,19:30,06h 40m,363,34 Seats available,N/A,Hyderabad to Vijayawada,https://www.redbus.in/bus-tickets/hyderabad-to-vijayawada
IntrCity SmartBus,A/C Seater / Sleeper (2+1),23:05,06:00,06h 55m,389,33 Seats available,N/A,Hyderabad to Vijayawada,https://www.redbus.in/bus-tickets/hyderabad-to-vijayawada
FRESHBUS,Electric A/C Seater (2+2),10:25,17:25,07h 00m,254,34 Seats available,N/A,Hyderabad to Vijayawada,https://www.redbus.in/bus-tickets/hyderabad-to-vijayawada
AdSai RK Travels,Non A/C Seater / Sleeper (2+1),22:35,04:30,05h 55m,349,26 Seats available,N/A,Hyderabad to Vijayawada,https://www.redbus.in/bus-tickets/hyderabad-to-vijayawada
FRESHBUS,Electric A/C Seater (2+2),16:35,23:55,07h 20m,329,33 Seats available,N/A,Hyderabad to Vijayawada,https://www.redbus.in/bus-tickets/hyderabad-to-vijayawada
TGSRTC - 4173,Rajdhani (AC Semi Sleeper 2+2),00:05,05:00,04h 55m,389,26 Seats available,N/A,Hyderabad to Khammam,https://www.redbus.in/bus-tickets/hyderabad-to-khammam
TGSRTC - 8678,"SUPER LUXURY (NON-AC, 2 + 2 PUSH BACK)",01:00,05:20,04h 20m,320,32 Seats available,N/A,Hyderabad to Khammam,https://www.redbus.in/bus-tickets/hyderabad-to-khammam
TGSRTC - 4167,Rajdhani (AC Semi Sleeper 2+2),04:15,07:45,03h 30m,389,30 Seats available,N/A,Hyderabad to Khammam,https://www.redbus.in/bus-tickets/hyderabad-to-khammam
TGSRTC - 48859,"SUPER LUXURY (NON-AC, 2 + 2 PUSH BACK)",04:45,09:00,04h 15m,320,32 Seats available,N/A,Hyderabad to Khammam,https://www.redbus.in/bus-tickets/hyderabad-to-khammam
TGSRTC - 8666,LAHARI A/C SLEEPER CUM SEATER,05:00,10:10,05h 10m,389,34 Seats available,N/A,Hyderabad to Khammam,https://www.redbus.in/bus-tickets/hyderabad-to-khammam
TGSRTC - 64023,Rajdhani (AC Semi Sleeper 2+2),05:00,10:00,05h 00m,389,24 Seats available,N/A,Hyderabad to Khammam,https://www.redbus.in/bus-tickets/hyderabad-to-khammam
TGSRTC - 8674,Rajdhani (AC Semi Sleeper 2+2),05:00,08:30,03h 30m,389,31 Seats available,N/A,Hyderabad to Khammam,https://www.redbus.in/bus-tickets/hyderabad-to-khammam
TGSRTC - 8705,"SUPER LUXURY (NON-AC, 2 + 2 PUSH BACK)",05:10,09:25,04h 15m,320,32 Seats available,N/A,Hyderabad to Khammam,https://www.redbus.in/bus-tickets/hyderabad-to-khammam
TGSRTC - 1951,LAHARI A/C SLEEPER CUM SEATER,05:30,11:00,05h 30m,389,35 Seats available,N/A,Hyderabad to Khammam,https://www.redbus.in/bus-tickets/hyderabad-to-khammam
TGSRTC - 8680,Rajdhani (AC Semi Sleeper 2+2),05:45,09:15,03h 30m,389,32 Seats available,N/A,Hyderabad to Khammam,https://www.redbus.in/bus-tickets/hyderabad-to-khammam
TGSRTC - 8809,"SUPER LUXURY (NON-AC, 2 + 2 PUSH BACK)",05:45,11:40,05h 55m,320,32 Seats available,N/A,Hyderabad to Khammam,https://www.redbus.in/bus-tickets/hyderabad-to-khammam
TGSRTC - 8823,"SUPER LUXURY (NON-AC, 2 + 2 PUSH BACK)",05:50,09:50,04h 00m,320,32 Seats available,N/A,Hyderabad to Khammam,https://www.redbus.in/bus-tickets/hyderabad-to-khammam
TGSRTC - 8727,"SUPER LUXURY (NON-AC, 2 + 2 PUSH BACK)",06:00,10:15,04h 15m,320,32 Seats available,N/A,Hyderabad to Khammam,https://www.redbus.in/bus-tickets/hyderabad-to-khammam
TGSRTC - 8806,"SUPER LUXURY (NON-AC, 2 + 2 PUSH BACK)",06:20,12:45,06h 25m,320,29 Seats available,N/A,Hyderabad to Khammam,https://www.redbus.in/bus-tickets/hyderabad-to-khammam
TGSRTC - 8638,Rajdhani (AC Semi Sleeper 2+2),06:30,10:00,03h 30m,389,31 Seats available,N/A,Hyderabad to Khammam,https://www.redbus.in/bus-tickets/hyderabad-to-khammam
Bharathi Tours & Travels,Non A/C Seater / Sleeper (2+1),21:20,03:30,06h 10m,400,32 Seats available,N/A,Hyderabad to Khammam,https://www.redbus.in/bus-tickets/hyderabad-to-khammam
RRR Travels,A/C Sleeper (2+1),22:00,04:00,06h 00m,900,28 Seats available,N/A,Hyderabad to Khammam,https://www.redbus.in/bus-tickets/hyderabad-to-khammam
Orange Tours and Travels,NON A/C Seater/ Sleeper (2+1),23:30,04:30,05h 00m,500,40 Seats available,N/A,Hyderabad to Khammam,https://www.redbus.in/bus-tickets/hyderabad-to-khammam
Bharathi Tours & Travels,Non A/C Seater / Sleeper (2+1),22:20,03:50,05h 30m,380,29 Seats available,N/A,Hyderabad to Khammam,https://www.redbus.in/bus-tickets/hyderabad-to-khammam
Bharathi Tours & Travels,Non A/C Seater / Sleeper (2+1),21:20,03:45,06h 25m,380,30 Seats available,N/A,Hyderabad to Khammam,https://www.redbus.in/bus-tickets/hyderabad-to-khammam
TGSRTC - 8615,Rajdhani (AC Semi Sleeper 2+2),03:15,08:15,05h 00m,389,7 Seats available,N/A,Khammam to Hyderabad,https://www.redbus.in/bus-tickets/khammam-to-hyderabad
TGSRTC - 8653,Rajdhani (AC Semi Sleeper 2+2),04:00,07:00,03h 00m,389,1 Seat available,N/A,Khammam to Hyderabad,https://www.redbus.in/bus-tickets/khammam-to-hyderabad
TGSRTC - 8688,Rajdhani (AC Semi Sleeper 2+2),04:45,07:45,03h 00m,389,10 Seats available,N/A,Khammam to Hyderabad,https://www.redbus.in/bus-tickets/khammam-to-hyderabad
TGSRTC - 8627,Rajdhani (AC Semi Sleeper 2+2),05:00,08:30,03h 30m,389,10 Seats available,N/A,Khammam to Hyderabad,https://www.redbus.in/bus-tickets/khammam-to-hyderabad
TGSRTC - 1321,LAHARI A/C SLEEPER CUM SEATER,05:40,08:00,02h 20m,383,25 Seats available,N/A,Khammam to Hyderabad,https://www.redbus.in/bus-tickets/khammam-to-hyderabad
TGSRTC - 64959,"SUPER LUXURY (NON-AC, 2 + 2 PUSH BACK)",05:50,09:30,03h 40m,320,24 Seats available,N/A,Khammam to Hyderabad,https://www.redbus.in/bus-tickets/khammam-to-hyderabad
TGSRTC - 8937,Deluxe (Non AC Seater 2+2),06:15,10:20,04h 05m,281,36 Seats available,N/A,Khammam to Hyderabad,https://www.redbus.in/bus-tickets/khammam-to-hyderabad
TGSRTC - 8694,Rajdhani (AC Semi Sleeper 2+2),06:15,09:45,03h 30m,389,30 Seats available,N/A,Khammam to Hyderabad,https://www.redbus.in/bus-tickets/khammam-to-hyderabad
TGSRTC - 8633,"SUPER LUXURY (NON-AC, 2 + 2 PUSH BACK)",06:45,10:55,04h 10m,320,32 Seats available,N/A,Khammam to Hyderabad,https://www.redbus.in/bus-tickets/khammam-to-hyderabad
TGSRTC - 64826,"SUPER LUXURY (NON-AC, 2 + 2 PUSH BACK)",07:10,10:45,03h 35m,320,29 Seats available,N/A,Khammam to Hyderabad,https://www.redbus.in/bus-tickets/khammam-to-hyderabad
TGSRTC - 1954,LAHARI A/C SLEEPER CUM SEATER,07:25,10:00,02h 35m,383,35 Seats available,N/A,Khammam to Hyderabad,https://www.redbus.in/bus-tickets/khammam-to-hyderabad
TGSRTC - 9222,"SUPER LUXURY (NON-AC, 2 + 2 PUSH BACK)",07:45,13:20,05h 35m,353,31 Seats available,N/A,Khammam to Hyderabad,https://www.redbus.in/bus-tickets/khammam-to-hyderabad
TGSRTC - 64839,"SUPER LUXURY (NON-AC, 2 + 2 PUSH BACK)",08:30,12:30,04h 00m,320,27 Seats available,N/A,Khammam to Hyderabad,https://www.redbus.in/bus-tickets/khammam-to-hyderabad
TGSRTC - 8795,Rajdhani (AC Semi Sleeper 2+2),08:30,12:30,04h 00m,389,28 Seats available,N/A,Khammam to Hyderabad,https://www.redbus.in/bus-tickets/khammam-to-hyderabad
TGSRTC - 64362,"SUPER LUXURY (NON-AC, 2 + 2 PUSH BACK)",09:15,14:00,04h 45m,320,32 Seats available,N/A,Khammam to Hyderabad,https://www.redbus.in/bus-tickets/khammam-to-hyderabad
SAIRAJ TRAVELS,A/C Sleeper (2+1),23:59,05:30,05h 31m,700,16 Seats available,N/A,Khammam to Hyderabad,https://www.redbus.in/bus-tickets/khammam-to-hyderabad
Bharathi Tours & Travels,Non A/C Seater / Sleeper (2+1),23:40,04:00,04h 20m,550,20 Seats available,N/A,Khammam to Hyderabad,https://www.redbus.in/bus-tickets/khammam-to-hyderabad
Naniâ€™s Sai Krishna Travels,Non A/C Seater / Sleeper (2+1),23:59,05:00,05h 01m,400,21 Seats available,N/A,Khammam to Hyderabad,https://www.redbus.in/bus-tickets/khammam-to-hyderabad
YASHWANTH BUS,Non A/C Seater / Sleeper (2+1),23:59,05:00,05h 01m,500,30 Seats available,N/A,Khammam to Hyderabad,https://www.redbus.in/bus-tickets/khammam-to-hyderabad
Sri Venkateswara Travels,Non A/C Seater / Sleeper (2+1),23:45,06:00,06h 15m,500,28 Seats available,N/A,Khammam to Hyderabad,https://www.redbus.in/bus-tickets/khammam-to-hyderabad
TGSRTC - 7064,e-SUP LUXURY (2+2),00:30,03:30,03h 00m,260,37 Seats available,N/A,Hyderabad to Karimnagar,https://www.redbus.in/bus-tickets/hyderabad-to-karimnagar
TGSRTC - 7299,"SUPER LUXURY (NON-AC, 2 + 2 PUSH BACK)",00:45,04:30,03h 45m,260,32 Seats available,N/A,Hyderabad to Karimnagar,https://www.redbus.in/bus-tickets/hyderabad-to-karimnagar
TGSRTC - 7066,e-SUP LUXURY (2+2),01:10,04:10,03h 00m,260,37 Seats available,N/A,Hyderabad to Karimnagar,https://www.redbus.in/bus-tickets/hyderabad-to-karimnagar
TGSRTC - 7882,"SUPER LUXURY (NON-AC, 2 + 2 PUSH BACK)",01:20,04:50,03h 30m,260,17 Seats available,N/A,Hyderabad to Karimnagar,https://www.redbus.in/bus-tickets/hyderabad-to-karimnagar
TGSRTC - 7659,"SUPER LUXURY (NON-AC, 2 + 2 PUSH BACK)",01:45,05:30,03h 45m,260,32 Seats available,N/A,Hyderabad to Karimnagar,https://www.redbus.in/bus-tickets/hyderabad-to-karimnagar
TGSRTC - 7068,e-SUP LUXURY (2+2),01:50,04:50,03h 00m,260,37 Seats available,N/A,Hyderabad to Karimnagar,https://www.redbus.in/bus-tickets/hyderabad-to-karimnagar
TGSRTC - 7070,e-SUP LUXURY (2+2),03:20,06:20,03h 00m,260,37 Seats available,N/A,Hyderabad to Karimnagar,https://www.redbus.in/bus-tickets/hyderabad-to-karimnagar
TGSRTC - 7350,"SUPER LUXURY (NON-AC, 2 + 2 PUSH BACK)",03:30,06:45,03h 15m,260,30 Seats available,N/A,Hyderabad to Karimnagar,https://www.redbus.in/bus-tickets/hyderabad-to-karimnagar
TGSRTC - 7072,e-SUP LUXURY (2+2),04:00,07:00,03h 00m,260,37 Seats available,N/A,Hyderabad to Karimnagar,https://www.redbus.in/bus-tickets/hyderabad-to-karimnagar
TGSRTC - 7291,LAHARI A/C SLEEPER CUM SEATER,04:00,07:15,03h 15m,315,23 Seats available,N/A,Hyderabad to Karimnagar,https://www.redbus.in/bus-tickets/hyderabad-to-karimnagar
TGSRTC - 7809,LAHARI A/C SLEEPER CUM SEATER,04:30,08:05,03h 35m,315,36 Seats available,N/A,Hyderabad to Karimnagar,https://www.redbus.in/bus-tickets/hyderabad-to-karimnagar
TGSRTC - 7383,Rajdhani (AC Semi Sleeper 2+2),04:45,08:25,03h 40m,315,29 Seats available,N/A,Hyderabad to Karimnagar,https://www.redbus.in/bus-tickets/hyderabad-to-karimnagar
TGSRTC - 7226,"SUPER LUXURY (NON-AC, 2 + 2 PUSH BACK)",05:30,09:30,04h 00m,260,32 Seats available,N/A,Hyderabad to Karimnagar,https://www.redbus.in/bus-tickets/hyderabad-to-karimnagar
TGSRTC - 7689,"SUPER LUXURY (NON-AC, 2 + 2 PUSH BACK)",05:35,09:20,03h 45m,260,30 Seats available,N/A,Hyderabad to Karimnagar,https://www.redbus.in/bus-tickets/hyderabad-to-karimnagar
TGSRTC - 7002,"SUPER LUXURY (NON-AC, 2 + 2 PUSH BACK)",06:00,09:00,03h 00m,260,32 Seats available,N/A,Hyderabad to Karimnagar,https://www.redbus.in/bus-tickets/hyderabad-to-karimnagar
IRA Transports,A/C Sleeper (2+1),05:30,09:05,03h 35m,450,23 Seats available,N/A,Hyderabad to Karimnagar,https://www.redbus.in/bus-tickets/hyderabad-to-karimnagar
Mythri Tours And Travels,A/C Sleeper (2+1),05:00,08:30,03h 30m,449,14 Seats available,N/A,Hyderabad to Karimnagar,https://www.redbus.in/bus-tickets/hyderabad-to-karimnagar
IRA Transports,VE A/C Sleeper (2+1),05:00,08:15,03h 15m,899,4 Seats available,N/A,Hyderabad to Karimnagar,https://www.redbus.in/bus-tickets/hyderabad-to-karimnagar
DNR Express,AC Sleeper (2+1),21:30,23:59,02h 29m,900,21 Seats available,N/A,Hyderabad to Karimnagar,https://www.redbus.in/bus-tickets/hyderabad-to-karimnagar
Shree Saipooja Travels,A/C Seater/Sleeper (2+1),23:10,02:30,03h 20m,2850,42 Seats available,N/A,Hyderabad to Karimnagar,https://www.redbus.in/bus-tickets/hyderabad-to-karimnagar
TGSRTC - 8135,LAHARI A/C SLEEPER CUM SEATER,00:05,05:45,05h 40m,492,43 Seats available,N/A,Hyderabad to Mancherial,https://www.redbus.in/bus-tickets/hyderabad-to-mancherial
TGSRTC - 8171,"SUPER LUXURY (NON-AC, 2 + 2 PUSH BACK)",00:05,06:00,05h 55m,406,32 Seats available,N/A,Hyderabad to Mancherial,https://www.redbus.in/bus-tickets/hyderabad-to-mancherial
TGSRTC - 8176,"SUPER LUXURY (NON-AC, 2 + 2 PUSH BACK)",04:15,10:30,06h 15m,406,32 Seats available,N/A,Hyderabad to Mancherial,https://www.redbus.in/bus-tickets/hyderabad-to-mancherial
TGSRTC - 8150,"SUPER LUXURY (NON-AC, 2 + 2 PUSH BACK)",04:30,10:00,05h 30m,406,32 Seats available,N/A,Hyderabad to Mancherial,https://www.redbus.in/bus-tickets/hyderabad-to-mancherial
TGSRTC - 8073,"SUPER LUXURY (NON-AC, 2 + 2 PUSH BACK)",05:00,11:30,06h 30m,406,32 Seats available,N/A,Hyderabad to Mancherial,https://www.redbus.in/bus-tickets/hyderabad-to-mancherial
TGSRTC - 8015,Rajdhani (AC Semi Sleeper 2+2),05:30,11:45,06h 15m,492,32 Seats available,N/A,Hyderabad to Mancherial,https://www.redbus.in/bus-tickets/hyderabad-to-mancherial
TGSRTC - 8071,"SUPER LUXURY (NON-AC, 2 + 2 PUSH BACK)",06:00,12:25,06h 25m,406,31 Seats available,N/A,Hyderabad to Mancherial,https://www.redbus.in/bus-tickets/hyderabad-to-mancherial
TGSRTC - 8129,"SUPER LUXURY (NON-AC, 2 + 2 PUSH BACK)",06:15,12:30,06h 15m,406,32 Seats available,N/A,Hyderabad to Mancherial,https://www.redbus.in/bus-tickets/hyderabad-to-mancherial
TGSRTC - 8097,"SUPER LUXURY (NON-AC, 2 + 2 PUSH BACK)",06:45,13:00,06h 15m,406,32 Seats available,N/A,Hyderabad to Mancherial,https://www.redbus.in/bus-tickets/hyderabad-to-mancherial
TGSRTC - 8173,"SUPER LUXURY (NON-AC, 2 + 2 PUSH BACK)",07:00,13:15,06h 15m,406,32 Seats available,N/A,Hyderabad to Mancherial,https://www.redbus.in/bus-tickets/hyderabad-to-mancherial
Mythri Tours And Travels,A/C Sleeper (2+1),05:00,10:00,05h 00m,449,14 Seats available,N/A,Hyderabad to Mancherial,https://www.redbus.in/bus-tickets/hyderabad-to-mancherial
DNR Express,AC Sleeper (2+1),21:30,02:00,04h 30m,900,21 Seats available,N/A,Hyderabad to Mancherial,https://www.redbus.in/bus-tickets/hyderabad-to-mancherial
IRA Transports,VE A/C Sleeper (2+1),05:00,09:45,04h 45m,1099,15 Seats available,N/A,Hyderabad to Mancherial,https://www.redbus.in/bus-tickets/hyderabad-to-mancherial
IPS Bus Service,NON A/C Sleeper (2+2),15:30,20:20,04h 50m,1200,40 Seats available,N/A,Hyderabad to Mancherial,https://www.redbus.in/bus-tickets/hyderabad-to-mancherial
TGSRTC - 48859,"SUPER LUXURY (NON-AC, 2 + 2 PUSH BACK)",04:45,10:30,05h 45m,453,32 Seats available,N/A,Hyderabad to Sathupally,https://www.redbus.in/bus-tickets/hyderabad-to-sathupalli
TGSRTC - 8809,"SUPER LUXURY (NON-AC, 2 + 2 PUSH BACK)",05:45,13:30,07h 45m,453,32 Seats available,N/A,Hyderabad to Sathupally,https://www.redbus.in/bus-tickets/hyderabad-to-sathupalli
TGSRTC - 8823,"SUPER LUXURY (NON-AC, 2 + 2 PUSH BACK)",05:50,11:20,05h 30m,453,32 Seats available,N/A,Hyderabad to Sathupally,https://www.redbus.in/bus-tickets/hyderabad-to-sathupalli
TGSRTC - 8806,"SUPER LUXURY (NON-AC, 2 + 2 PUSH BACK)",06:20,14:35,08h 15m,453,29 Seats available,N/A,Hyderabad to Sathupally,https://www.redbus.in/bus-tickets/hyderabad-to-sathupalli
TGSRTC - 64825,"SUPER LUXURY (NON-AC, 2 + 2 PUSH BACK)",07:00,15:15,08h 15m,453,26 Seats available,N/A,Hyderabad to Sathupally,https://www.redbus.in/bus-tickets/hyderabad-to-sathupalli
TGSRTC - 8817,"SUPER LUXURY (NON-AC, 2 + 2 PUSH BACK)",07:10,15:10,08h 00m,453,31 Seats available,N/A,Hyderabad to Sathupally,https://www.redbus.in/bus-tickets/hyderabad-to-sathupalli
TGSRTC - 64566,Rajdhani (AC Semi Sleeper 2+2),09:15,17:30,08h 15m,550,31 Seats available,N/A,Hyderabad to Sathupally,https://www.redbus.in/bus-tickets/hyderabad-to-sathupalli
TGSRTC - 8818,"SUPER LUXURY (NON-AC, 2 + 2 PUSH BACK)",09:20,17:10,07h 50m,453,32 Seats available,N/A,Hyderabad to Sathupally,https://www.redbus.in/bus-tickets/hyderabad-to-sathupalli
TGSRTC - 8895,Rajdhani (AC Semi Sleeper 2+2),10:00,17:45,07h 45m,550,32 Seats available,N/A,Hyderabad to Sathupally,https://www.redbus.in/bus-tickets/hyderabad-to-sathupalli
TGSRTC - 8850,"SUPER LUXURY (NON-AC, 2 + 2 PUSH BACK)",11:15,20:00,08h 45m,453,32 Seats available,N/A,Hyderabad to Sathupally,https://www.redbus.in/bus-tickets/hyderabad-to-sathupalli
TGSRTC - 64958,"SUPER LUXURY (NON-AC, 2 + 2 PUSH BACK)",14:20,20:35,06h 15m,453,29 Seats available,N/A,Hyderabad to Sathupally,https://www.redbus.in/bus-tickets/hyderabad-to-sathupalli
TGSRTC - 64828,"SUPER LUXURY (NON-AC, 2 + 2 PUSH BACK)",16:15,22:50,06h 35m,453,32 Seats available,N/A,Hyderabad to Sathupally,https://www.redbus.in/bus-tickets/hyderabad-to-sathupalli
TGSRTC - 64363,"SUPER LUXURY (NON-AC, 2 + 2 PUSH BACK)",18:00,23:55,05h 55m,453,32 Seats available,N/A,Hyderabad to Sathupally,https://www.redbus.in/bus-tickets/hyderabad-to-sathupalli
TGSRTC - 2492,"SUPER LUXURY (NON-AC, 2 + 2 PUSH BACK)",19:30,01:30,06h 00m,456,31 Seats available,N/A,Hyderabad to Sathupally,https://www.redbus.in/bus-tickets/hyderabad-to-sathupalli
TGSRTC - 8804,Rajdhani (AC Semi Sleeper 2+2),20:15,03:50,07h 35m,550,31 Seats available,N/A,Hyderabad to Sathupally,https://www.redbus.in/bus-tickets/hyderabad-to-sathupalli
Mozo travels,A/C Seater / Sleeper (2+1),22:40,05:05,06h 25m,550,35 Seats available,N/A,Hyderabad to Sathupally,https://www.redbus.in/bus-tickets/hyderabad-to-sathupalli
Bharathi Tours & Travels,Non A/C Seater / Sleeper (2+1),21:20,05:00,07h 40m,400,32 Seats available,N/A,Hyderabad to Sathupally,https://www.redbus.in/bus-tickets/hyderabad-to-sathupalli
Sri Venkateswara Travels,Non A/C Seater / Sleeper (2+1),22:30,05:00,06h 30m,400,31 Seats available,N/A,Hyderabad to Sathupally,https://www.redbus.in/bus-tickets/hyderabad-to-sathupalli
Sri Krishna Travels(VGN),NON A/C Hi-Tech (2+2),20:40,05:00,08h 20m,400,24 Seats available,N/A,Hyderabad to Sathupally,https://www.redbus.in/bus-tickets/hyderabad-to-sathupalli
Mythri Tours And Travels,A/C Sleeper (2+1),23:00,04:15,05h 15m,809,19 Seats available,N/A,Hyderabad to Sathupally,https://www.redbus.in/bus-tickets/hyderabad-to-sathupalli
TGSRTC - 7918,"SUPER LUXURY (NON-AC, 2 + 2 PUSH BACK)",04:15,11:40,07h 25m,481,31 Seats available,N/A,Hyderabad to Adilabad,https://www.redbus.in/bus-tickets/hyderabad-to-adilabad
TGSRTC - 7938,Rajdhani (AC Semi Sleeper 2+2),05:45,12:00,06h 15m,584,22 Seats available,N/A,Hyderabad to Adilabad,https://www.redbus.in/bus-tickets/hyderabad-to-adilabad
TGSRTC - 1137,GARUDA PLUS (VOLVO / BENZ A.C Multi Axle),06:15,13:00,06h 45m,586,32 Seats available,N/A,Hyderabad to Adilabad,https://www.redbus.in/bus-tickets/hyderabad-to-adilabad
TGSRTC - 7930,"SUPER LUXURY (NON-AC, 2 + 2 PUSH BACK)",07:30,14:55,07h 25m,481,32 Seats available,N/A,Hyderabad to Adilabad,https://www.redbus.in/bus-tickets/hyderabad-to-adilabad
TGSRTC - 7928,"SUPER LUXURY (NON-AC, 2 + 2 PUSH BACK)",08:15,15:40,07h 25m,481,30 Seats available,N/A,Hyderabad to Adilabad,https://www.redbus.in/bus-tickets/hyderabad-to-adilabad
TGSRTC - 7922,"SUPER LUXURY (NON-AC, 2 + 2 PUSH BACK)",10:00,17:25,07h 25m,481,32 Seats available,N/A,Hyderabad to Adilabad,https://www.redbus.in/bus-tickets/hyderabad-to-adilabad
TGSRTC - 7916,Lahari Non A/C Sleeper Cum Seater,10:30,17:55,07h 25m,481,44 Seats available,N/A,Hyderabad to Adilabad,https://www.redbus.in/bus-tickets/hyderabad-to-adilabad
TGSRTC - 7944,LAHARI A/C SLEEPER CUM SEATER,11:15,18:40,07h 25m,584,44 Seats available,N/A,Hyderabad to Adilabad,https://www.redbus.in/bus-tickets/hyderabad-to-adilabad
TGSRTC - 7940,Rajdhani (AC Semi Sleeper 2+2),12:15,18:40,06h 25m,584,31 Seats available,N/A,Hyderabad to Adilabad,https://www.redbus.in/bus-tickets/hyderabad-to-adilabad
TGSRTC - 7924,"SUPER LUXURY (NON-AC, 2 + 2 PUSH BACK)",13:10,20:35,07h 25m,481,32 Seats available,N/A,Hyderabad to Adilabad,https://www.redbus.in/bus-tickets/hyderabad-to-adilabad
TGSRTC - 7926,"SUPER LUXURY (NON-AC, 2 + 2 PUSH BACK)",13:50,21:15,07h 25m,481,31 Seats available,N/A,Hyderabad to Adilabad,https://www.redbus.in/bus-tickets/hyderabad-to-adilabad
TGSRTC - 1139,GARUDA PLUS (VOLVO / BENZ A.C Multi Axle),14:20,21:00,06h 40m,584,36 Seats available,N/A,Hyderabad to Adilabad,https://www.redbus.in/bus-tickets/hyderabad-to-adilabad
TGSRTC - 7904,"SUPER LUXURY (NON-AC, 2 + 2 PUSH BACK)",14:40,22:05,07h 25m,481,32 Seats available,N/A,Hyderabad to Adilabad,https://www.redbus.in/bus-tickets/hyderabad-to-adilabad
TGSRTC - 7902,"SUPER LUXURY (NON-AC, 2 + 2 PUSH BACK)",15:25,21:50,06h 25m,481,32 Seats available,N/A,Hyderabad to Adilabad,https://www.redbus.in/bus-tickets/hyderabad-to-adilabad
TGSRTC - 2611,Lahari Non A/C Sleeper Cum Seater,15:30,22:40,07h 10m,481,41 Seats available,N/A,Hyderabad to Adilabad,https://www.redbus.in/bus-tickets/hyderabad-to-adilabad
Sahara Tours and Travels,Bharat Benz A/C Seater (2+2),18:00,23:15,05h 15m,450,36 Seats available,N/A,Hyderabad to Adilabad,https://www.redbus.in/bus-tickets/hyderabad-to-adilabad
Orange Tours and Travels,Volvo Multi-Axle A/C (2+2),18:00,23:15,05h 15m,550,47 Seats available,N/A,Hyderabad to Adilabad,https://www.redbus.in/bus-tickets/hyderabad-to-adilabad
Diamond Travels,NON A/C Seater (2+1),22:30,05:00,06h 30m,400,29 Seats available,N/A,Hyderabad to Adilabad,https://www.redbus.in/bus-tickets/hyderabad-to-adilabad
Muskan Travels,NON A/C Semi Sleeper (2+2),21:30,06:00,08h 30m,439,28 Seats available,N/A,Hyderabad to Adilabad,https://www.redbus.in/bus-tickets/hyderabad-to-adilabad
GDR Tours and Travels,Bharat Benz A/C Seater (2+2),18:00,23:15,05h 15m,456,43 Seats available,N/A,Hyderabad to Adilabad,https://www.redbus.in/bus-tickets/hyderabad-to-adilabad
TGSRTC - 1318,LAHARI A/C SLEEPER CUM SEATER,04:40,12:40,08h 00m,627,40 Seats available,N/A,Hyderabad to Bhadrachalam,https://www.redbus.in/bus-tickets/hyderabad-to-bhadrachalam
TGSRTC - 8705,"SUPER LUXURY (NON-AC, 2 + 2 PUSH BACK)",05:10,12:10,07h 00m,517,32 Seats available,N/A,Hyderabad to Bhadrachalam,https://www.redbus.in/bus-tickets/hyderabad-to-bhadrachalam
TGSRTC - 1951,LAHARI A/C SLEEPER CUM SEATER,05:30,13:30,08h 00m,627,35 Seats available,N/A,Hyderabad to Bhadrachalam,https://www.redbus.in/bus-tickets/hyderabad-to-bhadrachalam
TGSRTC - 8727,"SUPER LUXURY (NON-AC, 2 + 2 PUSH BACK)",06:00,13:00,07h 00m,517,32 Seats available,N/A,Hyderabad to Bhadrachalam,https://www.redbus.in/bus-tickets/hyderabad-to-bhadrachalam
TGSRTC - 8703,"SUPER LUXURY (NON-AC, 2 + 2 PUSH BACK)",07:00,14:00,07h 00m,517,32 Seats available,N/A,Hyderabad to Bhadrachalam,https://www.redbus.in/bus-tickets/hyderabad-to-bhadrachalam
TGSRTC - 8780,Rajdhani (AC Semi Sleeper 2+2),07:45,15:00,07h 15m,627,31 Seats available,N/A,Hyderabad to Bhadrachalam,https://www.redbus.in/bus-tickets/hyderabad-to-bhadrachalam
TGSRTC - 34334,LAHARI A/C SLEEPER CUM SEATER,08:00,14:45,06h 45m,627,35 Seats available,N/A,Hyderabad to Bhadrachalam,https://www.redbus.in/bus-tickets/hyderabad-to-bhadrachalam
TGSRTC - 34330,"SUPER LUXURY (NON-AC, 2 + 2 PUSH BACK)",08:20,15:20,07h 00m,517,29 Seats available,N/A,Hyderabad to Bhadrachalam,https://www.redbus.in/bus-tickets/hyderabad-to-bhadrachalam
TGSRTC - 7647,"SUPER LUXURY (NON-AC, 2 + 2 PUSH BACK)",09:30,18:10,08h 40m,517,31 Seats available,N/A,Hyderabad to Bhadrachalam,https://www.redbus.in/bus-tickets/hyderabad-to-bhadrachalam
TGSRTC - 8799,Rajdhani (AC Semi Sleeper 2+2),09:40,16:40,07h 00m,627,31 Seats available,N/A,Hyderabad to Bhadrachalam,https://www.redbus.in/bus-tickets/hyderabad-to-bhadrachalam
TGSRTC - 1322,LAHARI A/C SLEEPER CUM SEATER,10:20,19:00,08h 40m,627,43 Seats available,N/A,Hyderabad to Bhadrachalam,https://www.redbus.in/bus-tickets/hyderabad-to-bhadrachalam
TGSRTC - 8717,"SUPER LUXURY (NON-AC, 2 + 2 PUSH BACK)",11:20,18:15,06h 55m,517,32 Seats available,N/A,Hyderabad to Bhadrachalam,https://www.redbus.in/bus-tickets/hyderabad-to-bhadrachalam
TGSRTC - 8755,"SUPER LUXURY (NON-AC, 2 + 2 PUSH BACK)",12:20,19:20,07h 00m,517,32 Seats available,N/A,Hyderabad to Bhadrachalam,https://www.redbus.in/bus-tickets/hyderabad-to-bhadrachalam
TGSRTC - 8743,"SUPER LUXURY (NON-AC, 2 + 2 PUSH BACK)",12:45,19:45,07h 00m,517,32 Seats available,N/A,Hyderabad to Bhadrachalam,https://www.redbus.in/bus-tickets/hyderabad-to-bhadrachalam
TGSRTC - 1229,Deluxe (Non AC Seater 2+2),12:50,22:20,09h 30m,450,33 Seats available,N/A,Hyderabad to Bhadrachalam,https://www.redbus.in/bus-tickets/hyderabad-to-bhadrachalam
BSR Tours And Travels,A/C Sleeper (2+1),22:00,05:30,07h 30m,780,12 Seats available,N/A,Hyderabad to Bhadrachalam,https://www.redbus.in/bus-tickets/hyderabad-to-bhadrachalam
BSR Tours And Travels,Volvo Multi-Axle A/C Sleeper (2+1),22:00,05:30,07h 30m,780,19 Seats available,N/A,Hyderabad to Bhadrachalam,https://www.redbus.in/bus-tickets/hyderabad-to-bhadrachalam
SAIRAJ TRAVELS,A/C Sleeper (2+1),22:15,05:45,07h 30m,700,19 Seats available,N/A,Hyderabad to Bhadrachalam,https://www.redbus.in/bus-tickets/hyderabad-to-bhadrachalam
YASHWANTH BUS,Non A/C Seater / Sleeper (2+1),21:30,05:45,08h 15m,410,32 Seats available,N/A,Hyderabad to Bhadrachalam,https://www.redbus.in/bus-tickets/hyderabad-to-bhadrachalam
VSR Tours and Travels,A/C Sleeper (2+1),23:00,05:50,06h 50m,674,25 Seats available,N/A,Hyderabad to Bhadrachalam,https://www.redbus.in/bus-tickets/hyderabad-to-bhadrachalam
TGSRTC - 7266,"SUPER LUXURY (NON-AC, 2 + 2 PUSH BACK)",00:20,03:20,03h 00m,260,1 Seat available,N/A,Karimnagar to Hyderabad,https://www.redbus.in/bus-tickets/karimnagar-to-hyderabad
TGSRTC - 7190,"SUPER LUXURY (NON-AC, 2 + 2 PUSH BACK)",00:45,03:45,03h 00m,260,10 Seats available,N/A,Karimnagar to Hyderabad,https://www.redbus.in/bus-tickets/karimnagar-to-hyderabad
TGSRTC - 7001,e-SUP LUXURY (2+2),01:00,04:00,03h 00m,260,37 Seats available,N/A,Karimnagar to Hyderabad,https://www.redbus.in/bus-tickets/karimnagar-to-hyderabad
TGSRTC - 7192,"SUPER LUXURY (NON-AC, 2 + 2 PUSH BACK)",01:15,04:20,03h 05m,260,2 Seats available,N/A,Karimnagar to Hyderabad,https://www.redbus.in/bus-tickets/karimnagar-to-hyderabad
TGSRTC - 9508,Rajdhani (AC Semi Sleeper 2+2),01:20,04:20,03h 00m,315,6 Seats available,N/A,Karimnagar to Hyderabad,https://www.redbus.in/bus-tickets/karimnagar-to-hyderabad
TGSRTC - 7375,"SUPER LUXURY (NON-AC, 2 + 2 PUSH BACK)",01:45,05:00,03h 15m,260,1 Seat available,N/A,Karimnagar to Hyderabad,https://www.redbus.in/bus-tickets/karimnagar-to-hyderabad
TGSRTC - 7003,e-SUP LUXURY (2+2),02:00,05:00,03h 00m,260,37 Seats available,N/A,Karimnagar to Hyderabad,https://www.redbus.in/bus-tickets/karimnagar-to-hyderabad
TGSRTC - 7005,e-SUP LUXURY (2+2),02:50,05:50,03h 00m,260,34 Seats available,N/A,Karimnagar to Hyderabad,https://www.redbus.in/bus-tickets/karimnagar-to-hyderabad
TGSRTC - 7007,e-SUP LUXURY (2+2),03:10,06:10,03h 00m,260,34 Seats available,N/A,Karimnagar to Hyderabad,https://www.redbus.in/bus-tickets/karimnagar-to-hyderabad
TGSRTC - 7009,e-SUP LUXURY (2+2),03:30,06:30,03h 00m,260,31 Seats available,N/A,Karimnagar to Hyderabad,https://www.redbus.in/bus-tickets/karimnagar-to-hyderabad
TGSRTC - 7011,e-SUP LUXURY (2+2),04:00,07:00,03h 00m,260,30 Seats available,N/A,Karimnagar to Hyderabad,https://www.redbus.in/bus-tickets/karimnagar-to-hyderabad
TGSRTC - 7013,e-SUP LUXURY (2+2),04:30,07:30,03h 00m,260,29 Seats available,N/A,Karimnagar to Hyderabad,https://www.redbus.in/bus-tickets/karimnagar-to-hyderabad
TGSRTC - 7015,e-SUP LUXURY (2+2),05:00,08:00,03h 00m,260,28 Seats available,N/A,Karimnagar to Hyderabad,https://www.redbus.in/bus-tickets/karimnagar-to-hyderabad
TGSRTC - 7017,e-SUP LUXURY (2+2),05:20,08:20,03h 00m,260,34 Seats available,N/A,Karimnagar to Hyderabad,https://www.redbus.in/bus-tickets/karimnagar-to-hyderabad
TGSRTC - 7019,e-SUP LUXURY (2+2),05:20,08:20,03h 00m,260,35 Seats available,N/A,Karimnagar to Hyderabad,https://www.redbus.in/bus-tickets/karimnagar-to-hyderabad
IRA Transports,A/C Sleeper (2+1),18:30,20:35,02h 05m,719,21 Seats available,N/A,Karimnagar to Hyderabad,https://www.redbus.in/bus-tickets/karimnagar-to-hyderabad
Mythri Tours And Travels,A/C Sleeper (2+1),18:40,22:35,03h 55m,1359,21 Seats available,N/A,Karimnagar to Hyderabad,https://www.redbus.in/bus-tickets/karimnagar-to-hyderabad
IRA Transports,VE A/C Sleeper (2+1),19:00,00:00,05h 00m,1499,21 Seats available,N/A,Karimnagar to Hyderabad,https://www.redbus.in/bus-tickets/karimnagar-to-hyderabad
IPS Bus Service,NON A/C Sleeper (2+2),05:30,08:00,02h 30m,1200,28 Seats available,N/A,Karimnagar to Hyderabad,https://www.redbus.in/bus-tickets/karimnagar-to-hyderabad
Bhumi travels,AC Seater (2+2),00:20,04:10,03h 50m,2000,36 Seats available,N/A,Karimnagar to Hyderabad,https://www.redbus.in/bus-tickets/karimnagar-to-hyderabad
APSRTC - 45776,"SUPER LUXURY (NON-AC, 2 + 2 PUSH BACK)",06:30,14:40,08h 10m,555,29 Seats available,N/A,Hyderabad to Ongole,https://www.redbus.in/bus-tickets/hyderabad-to-ongole
APSRTC - 5151,STAR LINER(NON-AC SLEEPER 2+1),18:00,03:15,09h 15m,677,18 Seats available,N/A,Hyderabad to Ongole,https://www.redbus.in/bus-tickets/hyderabad-to-ongole
APSRTC - 5870,"SUPER LUXURY (NON-AC, 2 + 2 PUSH BACK)",18:30,04:00,09h 30m,522,32 Seats available,N/A,Hyderabad to Ongole,https://www.redbus.in/bus-tickets/hyderabad-to-ongole
APSRTC - 5070,"SUPER LUXURY (NON-AC, 2 + 2 PUSH BACK)",18:45,03:25,08h 40m,524,17 Seats available,N/A,Hyderabad to Ongole,https://www.redbus.in/bus-tickets/hyderabad-to-ongole
APSRTC - 5859,"SUPER LUXURY (NON-AC, 2 + 2 PUSH BACK)",19:00,04:00,09h 00m,522,32 Seats available,N/A,Hyderabad to Ongole,https://www.redbus.in/bus-tickets/hyderabad-to-ongole
APSRTC - 48821,"SUPER LUXURY (NON-AC, 2 + 2 PUSH BACK)",19:00,04:15,09h 15m,555,33 Seats available,N/A,Hyderabad to Ongole,https://www.redbus.in/bus-tickets/hyderabad-to-ongole
APSRTC - 5054,"SUPER LUXURY (NON-AC, 2 + 2 PUSH BACK)",19:15,05:00,09h 45m,524,27 Seats available,N/A,Hyderabad to Ongole,https://www.redbus.in/bus-tickets/hyderabad-to-ongole
APSRTC - 5867,"SUPER LUXURY (NON-AC, 2 + 2 PUSH BACK)",19:30,07:00,11h 30m,602,30 Seats available,N/A,Hyderabad to Ongole,https://www.redbus.in/bus-tickets/hyderabad-to-ongole
APSRTC - 5994,"SUPER LUXURY (NON-AC, 2 + 2 PUSH BACK)",19:30,05:45,10h 15m,555,33 Seats available,N/A,Hyderabad to Ongole,https://www.redbus.in/bus-tickets/hyderabad-to-ongole
APSRTC - 5181,"SUPER LUXURY (NON-AC, 2 + 2 PUSH BACK)",19:40,04:40,09h 00m,556,31 Seats available,N/A,Hyderabad to Ongole,https://www.redbus.in/bus-tickets/hyderabad-to-ongole
APSRTC - 5922,"SUPER LUXURY (NON-AC, 2 + 2 PUSH BACK)",19:45,05:05,09h 20m,522,33 Seats available,N/A,Hyderabad to Ongole,https://www.redbus.in/bus-tickets/hyderabad-to-ongole
APSRTC - 5916,"SUPER LUXURY (NON-AC, 2 + 2 PUSH BACK)",19:50,04:55,09h 05m,572,17 Seats available,N/A,Hyderabad to Ongole,https://www.redbus.in/bus-tickets/hyderabad-to-ongole
APSRTC - 5906,INDRA(A.C. Seater),20:00,05:30,09h 30m,632,26 Seats available,N/A,Hyderabad to Ongole,https://www.redbus.in/bus-tickets/hyderabad-to-ongole
APSRTC - 5926,"SUPER LUXURY (NON-AC, 2 + 2 PUSH BACK)",20:15,05:35,09h 20m,522,29 Seats available,N/A,Hyderabad to Ongole,https://www.redbus.in/bus-tickets/hyderabad-to-ongole
APSRTC - 5896,"SUPER LUXURY (NON-AC, 2 + 2 PUSH BACK)",20:15,05:15,09h 00m,522,33 Seats available,N/A,Hyderabad to Ongole,https://www.redbus.in/bus-tickets/hyderabad-to-ongole
Sri Vengamamba Bus Transport (SVBT),A/C Seater / Sleeper (2+1),21:45,06:15,08h 30m,565,23 Seats available,N/A,Hyderabad to Ongole,https://www.redbus.in/bus-tickets/hyderabad-to-ongole
Vikram Travels,A/C Seater / Sleeper (2+1),21:55,05:30,07h 35m,659,35 Seats available,N/A,Hyderabad to Ongole,https://www.redbus.in/bus-tickets/hyderabad-to-ongole
Kamakshi Tours And Travels,Non A/C Seater / Sleeper (2+1),21:30,06:00,08h 30m,500,26 Seats available,N/A,Hyderabad to Ongole,https://www.redbus.in/bus-tickets/hyderabad-to-ongole
IntrCity SmartBus,A/C Sleeper (2+1),23:55,05:50,05h 55m,1279,25 Seats available,N/A,Hyderabad to Ongole,https://www.redbus.in/bus-tickets/hyderabad-to-ongole
Pspk Bus,Non A/C Seater / Sleeper (2+1),21:30,06:30,09h 00m,400,31 Seats available,N/A,Hyderabad to Ongole,https://www.redbus.in/bus-tickets/hyderabad-to-ongole
TGSRTC - 8865,"SUPER LUXURY (NON-AC, 2 + 2 PUSH BACK)",01:30,07:50,30h 20m,451,32 Seats available,N/A,Hyderabad to Kothagudem,https://www.redbus.in/bus-tickets/hyderabad-to-kothagudem
TGSRTC - 8705,"SUPER LUXURY (NON-AC, 2 + 2 PUSH BACK)",05:10,11:20,06h 10m,451,32 Seats available,N/A,Hyderabad to Kothagudem,https://www.redbus.in/bus-tickets/hyderabad-to-kothagudem
TGSRTC - 8727,"SUPER LUXURY (NON-AC, 2 + 2 PUSH BACK)",06:00,12:10,06h 10m,451,32 Seats available,N/A,Hyderabad to Kothagudem,https://www.redbus.in/bus-tickets/hyderabad-to-kothagudem
TGSRTC - 8920,"SUPER LUXURY (NON-AC, 2 + 2 PUSH BACK)",06:20,12:30,06h 10m,451,32 Seats available,N/A,Hyderabad to Kothagudem,https://www.redbus.in/bus-tickets/hyderabad-to-kothagudem
TGSRTC - 8955,"SUPER LUXURY (NON-AC, 2 + 2 PUSH BACK)",07:00,15:20,08h 20m,451,32 Seats available,N/A,Hyderabad to Kothagudem,https://www.redbus.in/bus-tickets/hyderabad-to-kothagudem
TGSRTC - 8703,"SUPER LUXURY (NON-AC, 2 + 2 PUSH BACK)",07:00,13:10,06h 10m,451,32 Seats available,N/A,Hyderabad to Kothagudem,https://www.redbus.in/bus-tickets/hyderabad-to-kothagudem
TGSRTC - 34334,LAHARI A/C SLEEPER CUM SEATER,08:00,14:00,06h 00m,548,35 Seats available,N/A,Hyderabad to Kothagudem,https://www.redbus.in/bus-tickets/hyderabad-to-kothagudem
TGSRTC - 34330,"SUPER LUXURY (NON-AC, 2 + 2 PUSH BACK)",08:20,14:30,06h 10m,451,29 Seats available,N/A,Hyderabad to Kothagudem,https://www.redbus.in/bus-tickets/hyderabad-to-kothagudem
TGSRTC - 7647,"SUPER LUXURY (NON-AC, 2 + 2 PUSH BACK)",09:30,17:20,07h 50m,451,31 Seats available,N/A,Hyderabad to Kothagudem,https://www.redbus.in/bus-tickets/hyderabad-to-kothagudem
TGSRTC - 8799,Rajdhani (AC Semi Sleeper 2+2),09:40,15:50,06h 10m,548,31 Seats available,N/A,Hyderabad to Kothagudem,https://www.redbus.in/bus-tickets/hyderabad-to-kothagudem
TGSRTC - 6632,"SUPER LUXURY (NON-AC, 2 + 2 PUSH BACK)",09:55,16:15,06h 20m,451,32 Seats available,N/A,Hyderabad to Kothagudem,https://www.redbus.in/bus-tickets/hyderabad-to-kothagudem
TGSRTC - 8926,"SUPER LUXURY (NON-AC, 2 + 2 PUSH BACK)",10:00,16:30,06h 30m,451,32 Seats available,N/A,Hyderabad to Kothagudem,https://www.redbus.in/bus-tickets/hyderabad-to-kothagudem
TGSRTC - 8717,"SUPER LUXURY (NON-AC, 2 + 2 PUSH BACK)",11:20,17:30,06h 10m,451,32 Seats available,N/A,Hyderabad to Kothagudem,https://www.redbus.in/bus-tickets/hyderabad-to-kothagudem
TGSRTC - 8755,"SUPER LUXURY (NON-AC, 2 + 2 PUSH BACK)",12:20,18:30,06h 10m,451,32 Seats available,N/A,Hyderabad to Kothagudem,https://www.redbus.in/bus-tickets/hyderabad-to-kothagudem
TGSRTC - 8936,"SUPER LUXURY (NON-AC, 2 + 2 PUSH BACK)",12:30,18:40,06h 10m,451,32 Seats available,N/A,Hyderabad to Kothagudem,https://www.redbus.in/bus-tickets/hyderabad-to-kothagudem
SAIRAJ TRAVELS,A/C Sleeper (2+1),22:15,05:00,06h 45m,700,19 Seats available,N/A,Hyderabad to Kothagudem,https://www.redbus.in/bus-tickets/hyderabad-to-kothagudem
BSR Tours And Travels,A/C Sleeper (2+1),22:00,04:30,06h 30m,780,15 Seats available,N/A,Hyderabad to Kothagudem,https://www.redbus.in/bus-tickets/hyderabad-to-kothagudem
Bharathi Tours & Travels,Non A/C Seater / Sleeper (2+1),21:20,05:30,08h 10m,380,30 Seats available,N/A,Hyderabad to Kothagudem,https://www.redbus.in/bus-tickets/hyderabad-to-kothagudem
BSR Tours And Travels,Volvo Multi-Axle A/C Sleeper (2+1),22:00,04:30,06h 30m,780,20 Seats available,N/A,Hyderabad to Kothagudem,https://www.redbus.in/bus-tickets/hyderabad-to-kothagudem
VSR Tours and Travels,A/C Sleeper (2+1),23:00,04:50,05h 50m,764,25 Seats available,N/A,Hyderabad to Kothagudem,https://www.redbus.in/bus-tickets/hyderabad-to-kothagudem
APSRTC - 3376,"SUPER LUXURY (NON-AC, 2 + 2 PUSH BACK)",17:15,06:50,13h 35m,1041,33 Seats available,N/A,Hyderabad to Visakhapatnam,https://www.redbus.in/bus-tickets/hyderabad-to-visakhapatnam
APSRTC - 3358,"SUPER LUXURY (NON-AC, 2 + 2 PUSH BACK)",19:30,09:50,14h 20m,1041,33 Seats available,N/A,Hyderabad to Visakhapatnam,https://www.redbus.in/bus-tickets/hyderabad-to-visakhapatnam
APSRTC - 3366,"SUPER LUXURY (NON-AC, 2 + 2 PUSH BACK)",20:00,10:35,14h 35m,1073,28 Seats available,N/A,Hyderabad to Visakhapatnam,https://www.redbus.in/bus-tickets/hyderabad-to-visakhapatnam
APSRTC - 3360,AMARAVATHI (VOLVO / SCANIA A.C Multi Axle),20:40,09:05,12h 25m,1599,33 Seats available,N/A,Hyderabad to Visakhapatnam,https://www.redbus.in/bus-tickets/hyderabad-to-visakhapatnam
BSR Tours And Travels,Volvo 9600 Multi-Axle A/C Sleeper (2+1),20:10,08:00,11h 50m,1329,32 Seats available,N/A,Hyderabad to Visakhapatnam,https://www.redbus.in/bus-tickets/hyderabad-to-visakhapatnam
BSR Tours And Travels,A/C Sleeper (2+1),21:10,09:10,12h 00m,1014,26 Seats available,N/A,Hyderabad to Visakhapatnam,https://www.redbus.in/bus-tickets/hyderabad-to-visakhapatnam
BSR Tours And Travels,Volvo 9600 Multi-Axle A/C Sleeper (2+1),23:30,11:05,11h 35m,1299,29 Seats available,N/A,Hyderabad to Visakhapatnam,https://www.redbus.in/bus-tickets/hyderabad-to-visakhapatnam
AdShyamoli Paribahan Pvt Ltd,A/C Seater/Sleeper (2+1),22:30,10:15,11h 45m,600,32 Seats available,N/A,Hyderabad to Visakhapatnam,https://www.redbus.in/bus-tickets/hyderabad-to-visakhapatnam
Vikram Travels,A/C Seater / Sleeper (2+1),19:55,08:05,12h 10m,649,34 Seats available,N/A,Hyderabad to Visakhapatnam,https://www.redbus.in/bus-tickets/hyderabad-to-visakhapatnam
IntrCity SmartBus,AC Sleeper (2+1),20:40,09:40,13h 00m,899,28 Seats available,N/A,Hyderabad to Visakhapatnam,https://www.redbus.in/bus-tickets/hyderabad-to-visakhapatnam
Mythri Tours And Travels,A/C Sleeper (2+1),21:55,09:15,11h 20m,899,26 Seats available,N/A,Hyderabad to Visakhapatnam,https://www.redbus.in/bus-tickets/hyderabad-to-visakhapatnam
Kaveri Travels,A/C Sleeper (2+1),22:25,10:20,11h 55m,895,25 Seats available,N/A,Hyderabad to Visakhapatnam,https://www.redbus.in/bus-tickets/hyderabad-to-visakhapatnam
Ramana Tours And Travels,A/C Sleeper (2+1),20:00,08:25,12h 25m,749,27 Seats available,N/A,Hyderabad to Visakhapatnam,https://www.redbus.in/bus-tickets/hyderabad-to-visakhapatnam
Vikram Travels,VE A/C Sleeper (2+1),23:00,10:45,11h 45m,999,26 Seats available,N/A,Hyderabad to Visakhapatnam,https://www.redbus.in/bus-tickets/hyderabad-to-visakhapatnam
TGSRTC - 1777,"SUPER LUXURY (NON-AC, 2 + 2 PUSH BACK)",09:30,21:00,11h 30m,915,31 Seats available,N/A,Hyderabad to Tirupati,https://www.redbus.in/bus-tickets/hyderabad-to-tirupathi
TGSRTC - 8265,"SUPER LUXURY (NON-AC, 2 + 2 PUSH BACK)",10:30,22:00,11h 30m,914,32 Seats available,N/A,Hyderabad to Tirupati,https://www.redbus.in/bus-tickets/hyderabad-to-tirupathi
TGSRTC - 6762,"SUPER LUXURY (NON-AC, 2 + 2 PUSH BACK)",11:30,22:00,10h 30m,915,32 Seats available,N/A,Hyderabad to Tirupati,https://www.redbus.in/bus-tickets/hyderabad-to-tirupathi
TGSRTC - 2085,"SUPER LUXURY (NON-AC, 2 + 2 PUSH BACK)",12:25,03:20,14h 55m,914,29 Seats available,N/A,Hyderabad to Tirupati,https://www.redbus.in/bus-tickets/hyderabad-to-tirupathi
TGSRTC - 1962,"SUPER LUXURY (NON-AC, 2 + 2 PUSH BACK)",12:45,02:15,13h 30m,914,30 Seats available,N/A,Hyderabad to Tirupati,https://www.redbus.in/bus-tickets/hyderabad-to-tirupathi
TGSRTC - 2429,"SUPER LUXURY (NON-AC, 2 + 2 PUSH BACK)",13:00,01:25,12h 25m,1002,32 Seats available,N/A,Hyderabad to Tirupati,https://www.redbus.in/bus-tickets/hyderabad-to-tirupathi
TGSRTC - 1711,"SUPER LUXURY (NON-AC, 2 + 2 PUSH BACK)",15:00,03:30,12h 30m,914,20 Seats available,N/A,Hyderabad to Tirupati,https://www.redbus.in/bus-tickets/hyderabad-to-tirupathi
TGSRTC - 7452,"SUPER LUXURY (NON-AC, 2 + 2 PUSH BACK)",15:15,04:30,13h 15m,915,29 Seats available,N/A,Hyderabad to Tirupati,https://www.redbus.in/bus-tickets/hyderabad-to-tirupathi
TGSRTC - 2855,Lahari A/C sleeper,16:00,05:45,13h 45m,1591,18 Seats available,N/A,Hyderabad to Tirupati,https://www.redbus.in/bus-tickets/hyderabad-to-tirupathi
TGSRTC - 9595,Lahari A/C sleeper,16:30,05:40,13h 10m,1591,27 Seats available,N/A,Hyderabad to Tirupati,https://www.redbus.in/bus-tickets/hyderabad-to-tirupathi
TGSRTC - 2474,"SUPER LUXURY (NON-AC, 2 + 2 PUSH BACK)",16:30,04:30,12h 00m,915,32 Seats available,N/A,Hyderabad to Tirupati,https://www.redbus.in/bus-tickets/hyderabad-to-tirupathi
TGSRTC - 7649,"SUPER LUXURY (NON-AC, 2 + 2 PUSH BACK)",16:40,05:30,12h 50m,915,31 Seats available,N/A,Hyderabad to Tirupati,https://www.redbus.in/bus-tickets/hyderabad-to-tirupathi
TGSRTC - 1759,"SUPER LUXURY (NON-AC, 2 + 2 PUSH BACK)",16:45,05:50,13h 05m,916,29 Seats available,N/A,Hyderabad to Tirupati,https://www.redbus.in/bus-tickets/hyderabad-to-tirupathi
TGSRTC - 2765,"SUPER LUXURY (NON-AC, 2 + 2 PUSH BACK)",17:15,06:30,13h 15m,955,32 Seats available,N/A,Hyderabad to Tirupati,https://www.redbus.in/bus-tickets/hyderabad-to-tirupathi
TGSRTC - 9681,Lahari A/C sleeper,17:25,05:25,12h 00m,1524,28 Seats available,N/A,Hyderabad to Tirupati,https://www.redbus.in/bus-tickets/hyderabad-to-tirupathi
IntrCity SmartBus,AC Sleeper (2+1),20:50,06:40,09h 50m,899,15 Seats available,N/A,Hyderabad to Tirupati,https://www.redbus.in/bus-tickets/hyderabad-to-tirupathi
Vikram Travels,A/C Sleeper (2+1),20:20,08:30,12h 10m,1129,19 Seats available,N/A,Hyderabad to Tirupati,https://www.redbus.in/bus-tickets/hyderabad-to-tirupathi
Zingbus Plus,A/C Sleeper (2+1),22:30,09:15,10h 45m,915,25 Seats available,N/A,Hyderabad to Tirupati,https://www.redbus.in/bus-tickets/hyderabad-to-tirupathi
AdSRI RATAN TATA EXPRESS,A/C Sleeper (2+1),18:00,05:30,11h 30m,948,23 Seats available,N/A,Hyderabad to Tirupati,https://www.redbus.in/bus-tickets/hyderabad-to-tirupathi
Zingbus Plus,A/C Sleeper (2+1),20:50,07:50,11h 00m,886,25 Seats available,N/A,Hyderabad to Tirupati,https://www.redbus.in/bus-tickets/hyderabad-to-tirupathi
TGSRTC - 8879,"SUPER LUXURY (NON-AC, 2 + 2 PUSH BACK)",00:15,06:20,06h 05m,451,1 Seat available,N/A,Kothagudem to Hyderabad,https://www.redbus.in/bus-tickets/kothagudem-to-hyderabad
TGSRTC - 64187,"SUPER LUXURY (NON-AC, 2 + 2 PUSH BACK)",04:15,10:10,05h 55m,451,29 Seats available,N/A,Kothagudem to Hyderabad,https://www.redbus.in/bus-tickets/kothagudem-to-hyderabad
TGSRTC - 34335,"SUPER LUXURY (NON-AC, 2 + 2 PUSH BACK)",04:30,10:45,06h 15m,451,30 Seats available,N/A,Kothagudem to Hyderabad,https://www.redbus.in/bus-tickets/kothagudem-to-hyderabad
TGSRTC - 8868,"SUPER LUXURY (NON-AC, 2 + 2 PUSH BACK)",04:50,10:35,05h 45m,451,32 Seats available,N/A,Kothagudem to Hyderabad,https://www.redbus.in/bus-tickets/kothagudem-to-hyderabad
TGSRTC - 8795,Rajdhani (AC Semi Sleeper 2+2),06:30,12:30,06h 00m,548,28 Seats available,N/A,Kothagudem to Hyderabad,https://www.redbus.in/bus-tickets/kothagudem-to-hyderabad
TGSRTC - 7648,"SUPER LUXURY (NON-AC, 2 + 2 PUSH BACK)",07:30,15:15,07h 45m,451,32 Seats available,N/A,Kothagudem to Hyderabad,https://www.redbus.in/bus-tickets/kothagudem-to-hyderabad
TGSRTC - 8982,Rajdhani (AC Semi Sleeper 2+2),07:30,14:45,07h 15m,588,26 Seats available,N/A,Kothagudem to Hyderabad,https://www.redbus.in/bus-tickets/kothagudem-to-hyderabad
TGSRTC - 8954,"SUPER LUXURY (NON-AC, 2 + 2 PUSH BACK)",08:05,16:30,08h 25m,451,32 Seats available,N/A,Kothagudem to Hyderabad,https://www.redbus.in/bus-tickets/kothagudem-to-hyderabad
TGSRTC - 34339,Rajdhani (AC Semi Sleeper 2+2),08:20,14:15,05h 55m,548,32 Seats available,N/A,Kothagudem to Hyderabad,https://www.redbus.in/bus-tickets/kothagudem-to-hyderabad
TGSRTC - 8726,"SUPER LUXURY (NON-AC, 2 + 2 PUSH BACK)",08:45,14:45,06h 00m,451,32 Seats available,N/A,Kothagudem to Hyderabad,https://www.redbus.in/bus-tickets/kothagudem-to-hyderabad
BSR Tours And Travels,A/C Sleeper (2+1),23:15,06:00,06h 45m,880,16 Seats available,N/A,Kothagudem to Hyderabad,https://www.redbus.in/bus-tickets/kothagudem-to-hyderabad
BSR Tours And Travels,Volvo Multi-Axle A/C Sleeper (2+1),23:30,06:00,06h 30m,880,14 Seats available,N/A,Kothagudem to Hyderabad,https://www.redbus.in/bus-tickets/kothagudem-to-hyderabad
Bharathi Tours & Travels,A/C Sleeper (2+1),23:00,05:30,06h 30m,690,19 Seats available,N/A,Kothagudem to Hyderabad,https://www.redbus.in/bus-tickets/kothagudem-to-hyderabad
Bharathi Tours & Travels,Non A/C Seater / Sleeper (2+1),23:10,05:00,05h 50m,500,21 Seats available,N/A,Kothagudem to Hyderabad,https://www.redbus.in/bus-tickets/kothagudem-to-hyderabad
SAIRAJ TRAVELS,A/C Sleeper (2+1),23:00,05:30,06h 30m,700,15 Seats available,N/A,Kothagudem to Hyderabad,https://www.redbus.in/bus-tickets/kothagudem-to-hyderabad
TGSRTC - 8262,Rajdhani (AC Semi Sleeper 2+2),03:30,06:15,02h 45m,297,30 Seats available,N/A,Hyderabad to Warangal,https://www.redbus.in/bus-tickets/hyderabad-to-warangal
TGSRTC - 8380,"SUPER LUXURY (NON-AC, 2 + 2 PUSH BACK)",04:30,08:30,04h 00m,245,28 Seats available,N/A,Hyderabad to Warangal,https://www.redbus.in/bus-tickets/hyderabad-to-warangal
TGSRTC - 8268,Rajdhani (AC Semi Sleeper 2+2),05:00,08:30,03h 30m,297,27 Seats available,N/A,Hyderabad to Warangal,https://www.redbus.in/bus-tickets/hyderabad-to-warangal
TGSRTC - 8368,"SUPER LUXURY (NON-AC, 2 + 2 PUSH BACK)",05:30,09:30,04h 00m,245,32 Seats available,N/A,Hyderabad to Warangal,https://www.redbus.in/bus-tickets/hyderabad-to-warangal
TGSRTC - 8467,"SUPER LUXURY (NON-AC, 2 + 2 PUSH BACK)",05:30,09:15,03h 45m,245,30 Seats available,N/A,Hyderabad to Warangal,https://www.redbus.in/bus-tickets/hyderabad-to-warangal
TGSRTC - 8362,"SUPER LUXURY (NON-AC, 2 + 2 PUSH BACK)",05:40,09:15,03h 35m,245,30 Seats available,N/A,Hyderabad to Warangal,https://www.redbus.in/bus-tickets/hyderabad-to-warangal
TGSRTC - 8364,"SUPER LUXURY (NON-AC, 2 + 2 PUSH BACK)",05:45,09:50,04h 05m,245,30 Seats available,N/A,Hyderabad to Warangal,https://www.redbus.in/bus-tickets/hyderabad-to-warangal
TGSRTC - 8370,"SUPER LUXURY (NON-AC, 2 + 2 PUSH BACK)",06:30,10:30,04h 00m,245,30 Seats available,N/A,Hyderabad to Warangal,https://www.redbus.in/bus-tickets/hyderabad-to-warangal
TGSRTC - 8441,"SUPER LUXURY (NON-AC, 2 + 2 PUSH BACK)",06:30,10:30,04h 00m,245,31 Seats available,N/A,Hyderabad to Warangal,https://www.redbus.in/bus-tickets/hyderabad-to-warangal
TGSRTC - 8376,"SUPER LUXURY (NON-AC, 2 + 2 PUSH BACK)",06:45,10:15,03h 30m,245,32 Seats available,N/A,Hyderabad to Warangal,https://www.redbus.in/bus-tickets/hyderabad-to-warangal
Northern Travels,Bharat Benz A/C Seater /Sleeper (2+1),05:25,09:15,03h 50m,464,33 Seats available,N/A,Hyderabad to Warangal,https://www.redbus.in/bus-tickets/hyderabad-to-warangal
Morning Star Travels,A/C Sleeper (2+1),05:15,09:00,03h 45m,490,18 Seats available,N/A,Hyderabad to Warangal,https://www.redbus.in/bus-tickets/hyderabad-to-warangal
Northern Travels,Bharat Benz A/C Sleeper (2+1),07:40,10:15,02h 35m,1299,26 Seats available,N/A,Hyderabad to Warangal,https://www.redbus.in/bus-tickets/hyderabad-to-warangal
Tranzindia Travels,VE A/C Sleeper (2+1),05:15,09:00,03h 45m,990,17 Seats available,N/A,Hyderabad to Warangal,https://www.redbus.in/bus-tickets/hyderabad-to-warangal
APSRTC - 6879,"SUPER LUXURY (NON-AC, 2 + 2 PUSH BACK)",05:30,15:30,10h 00m,616,32 Seats available,N/A,Hyderabad to Anantapur (andhra pradesh),https://www.redbus.in/bus-tickets/hyderabad-to-ananthapur
APSRTC - 66360,"SUPER LUXURY (NON-AC, 2 + 2 PUSH BACK)",08:00,17:00,09h 00m,616,31 Seats available,N/A,Hyderabad to Anantapur (andhra pradesh),https://www.redbus.in/bus-tickets/hyderabad-to-ananthapur
APSRTC - 66370,"SUPER LUXURY (NON-AC, 2 + 2 PUSH BACK)",09:45,18:45,09h 00m,616,31 Seats available,N/A,Hyderabad to Anantapur (andhra pradesh),https://www.redbus.in/bus-tickets/hyderabad-to-ananthapur
APSRTC - 5734,"SUPER LUXURY (NON-AC, 2 + 2 PUSH BACK)",15:15,23:00,07h 45m,584,26 Seats available,N/A,Hyderabad to Anantapur (andhra pradesh),https://www.redbus.in/bus-tickets/hyderabad-to-ananthapur
APSRTC - 5732,"SUPER LUXURY (NON-AC, 2 + 2 PUSH BACK)",16:30,00:15,07h 45m,584,32 Seats available,N/A,Hyderabad to Anantapur (andhra pradesh),https://www.redbus.in/bus-tickets/hyderabad-to-ananthapur
APSRTC - 5694,"SUPER LUXURY (NON-AC, 2 + 2 PUSH BACK)",17:00,02:15,09h 15m,616,33 Seats available,N/A,Hyderabad to Anantapur (andhra pradesh),https://www.redbus.in/bus-tickets/hyderabad-to-ananthapur
APSRTC - 56912,"SUPER LUXURY (NON-AC, 2 + 2 PUSH BACK)",17:15,01:45,08h 30m,584,33 Seats available,N/A,Hyderabad to Anantapur (andhra pradesh),https://www.redbus.in/bus-tickets/hyderabad-to-ananthapur
APSRTC - 47463,"SUPER LUXURY (NON-AC, 2 + 2 PUSH BACK)",18:20,03:30,09h 10m,616,33 Seats available,N/A,Hyderabad to Anantapur (andhra pradesh),https://www.redbus.in/bus-tickets/hyderabad-to-ananthapur
APSRTC - 66310,"SUPER LUXURY (NON-AC, 2 + 2 PUSH BACK)",19:00,04:00,09h 00m,616,31 Seats available,N/A,Hyderabad to Anantapur (andhra pradesh),https://www.redbus.in/bus-tickets/hyderabad-to-ananthapur
APSRTC - 6926,"SUPER LUXURY (NON-AC, 2 + 2 PUSH BACK)",19:00,05:30,10h 30m,616,31 Seats available,N/A,Hyderabad to Anantapur (andhra pradesh),https://www.redbus.in/bus-tickets/hyderabad-to-ananthapur
APSRTC - 5692,STAR LINER(NON-AC SLEEPER 2+1),19:15,04:00,08h 45m,798,18 Seats available,N/A,Hyderabad to Anantapur (andhra pradesh),https://www.redbus.in/bus-tickets/hyderabad-to-ananthapur
APSRTC - 6893,"SUPER LUXURY (NON-AC, 2 + 2 PUSH BACK)",19:40,06:15,10h 35m,616,21 Seats available,N/A,Hyderabad to Anantapur (andhra pradesh),https://www.redbus.in/bus-tickets/hyderabad-to-ananthapur
APSRTC - 6835,"SUPER LUXURY (NON-AC, 2 + 2 PUSH BACK)",19:45,04:55,09h 10m,616,32 Seats available,N/A,Hyderabad to Anantapur (andhra pradesh),https://www.redbus.in/bus-tickets/hyderabad-to-ananthapur
APSRTC - 6646,"SUPER LUXURY (NON-AC, 2 + 2 PUSH BACK)",20:00,04:10,08h 10m,584,33 Seats available,N/A,Hyderabad to Anantapur (andhra pradesh),https://www.redbus.in/bus-tickets/hyderabad-to-ananthapur
APSRTC - 6849,"SUPER LUXURY (NON-AC, 2 + 2 PUSH BACK)",20:10,05:30,09h 20m,616,33 Seats available,N/A,Hyderabad to Anantapur (andhra pradesh),https://www.redbus.in/bus-tickets/hyderabad-to-ananthapur
Sri Balaji Transports,A/C Sleeper (2+1),21:10,06:00,08h 50m,1090,17 Seats available,N/A,Hyderabad to Anantapur (andhra pradesh),https://www.redbus.in/bus-tickets/hyderabad-to-ananthapur
Sri Balaji Transports,A/C Sleeper (2+1),21:10,06:00,08h 50m,1090,14 Seats available,N/A,Hyderabad to Anantapur (andhra pradesh),https://www.redbus.in/bus-tickets/hyderabad-to-ananthapur
Meena tours and travels,Volvo Multi Axle A/C Sleeper I-Shift B11R (2+1),21:30,05:15,07h 45m,970,23 Seats available,N/A,Hyderabad to Anantapur (andhra pradesh),https://www.redbus.in/bus-tickets/hyderabad-to-ananthapur
AdAl madeena Travels,A/C Sleeper (2+1),21:00,06:15,09h 15m,799,25 Seats available,N/A,Hyderabad to Anantapur (andhra pradesh),https://www.redbus.in/bus-tickets/hyderabad-to-ananthapur
Meena tours and travels,A/C Seater / Sleeper (2+1),22:45,05:45,07h 00m,750,23 Seats available,N/A,Hyderabad to Anantapur (andhra pradesh),https://www.redbus.in/bus-tickets/hyderabad-to-ananthapur
TGSRTC - 9444,"SUPER LUXURY (NON-AC, 2 + 2 PUSH BACK)",00:10,04:25,04h 15m,369,31 Seats available,N/A,Hyderabad to Godavarikhani,https://www.redbus.in/bus-tickets/hyderabad-to-godavarikhani
TGSRTC - 7291,LAHARI A/C SLEEPER CUM SEATER,04:00,08:45,04h 45m,448,23 Seats available,N/A,Hyderabad to Godavarikhani,https://www.redbus.in/bus-tickets/hyderabad-to-godavarikhani
TGSRTC - 8015,Rajdhani (AC Semi Sleeper 2+2),05:30,11:15,05h 45m,448,32 Seats available,N/A,Hyderabad to Godavarikhani,https://www.redbus.in/bus-tickets/hyderabad-to-godavarikhani
TGSRTC - 7226,"SUPER LUXURY (NON-AC, 2 + 2 PUSH BACK)",05:30,11:00,05h 30m,369,32 Seats available,N/A,Hyderabad to Godavarikhani,https://www.redbus.in/bus-tickets/hyderabad-to-godavarikhani
TGSRTC - 9513,Rajdhani (AC Semi Sleeper 2+2),06:00,11:15,05h 15m,448,32 Seats available,N/A,Hyderabad to Godavarikhani,https://www.redbus.in/bus-tickets/hyderabad-to-godavarikhani
TGSRTC - 9509,Rajdhani (AC Semi Sleeper 2+2),07:00,12:30,05h 30m,448,31 Seats available,N/A,Hyderabad to Godavarikhani,https://www.redbus.in/bus-tickets/hyderabad-to-godavarikhani
TGSRTC - 7246,"SUPER LUXURY (NON-AC, 2 + 2 PUSH BACK)",07:20,12:50,05h 30m,369,32 Seats available,N/A,Hyderabad to Godavarikhani,https://www.redbus.in/bus-tickets/hyderabad-to-godavarikhani
TGSRTC - 7159,"SUPER LUXURY (NON-AC, 2 + 2 PUSH BACK)",08:15,13:45,05h 30m,369,32 Seats available,N/A,Hyderabad to Godavarikhani,https://www.redbus.in/bus-tickets/hyderabad-to-godavarikhani
TGSRTC - 7105,"SUPER LUXURY (NON-AC, 2 + 2 PUSH BACK)",10:00,15:45,05h 45m,369,22 Seats available,N/A,Hyderabad to Godavarikhani,https://www.redbus.in/bus-tickets/hyderabad-to-godavarikhani
TGSRTC - 7163,"SUPER LUXURY (NON-AC, 2 + 2 PUSH BACK)",11:00,16:30,05h 30m,369,32 Seats available,N/A,Hyderabad to Godavarikhani,https://www.redbus.in/bus-tickets/hyderabad-to-godavarikhani
TGSRTC - 8148,"SUPER LUXURY (NON-AC, 2 + 2 PUSH BACK)",12:00,17:45,05h 45m,369,16 Seats available,N/A,Hyderabad to Godavarikhani,https://www.redbus.in/bus-tickets/hyderabad-to-godavarikhani
TGSRTC - 7260,"SUPER LUXURY (NON-AC, 2 + 2 PUSH BACK)",12:30,18:00,05h 30m,369,32 Seats available,N/A,Hyderabad to Godavarikhani,https://www.redbus.in/bus-tickets/hyderabad-to-godavarikhani
TGSRTC - 9503,Rajdhani (AC Semi Sleeper 2+2),13:00,18:30,05h 30m,448,32 Seats available,N/A,Hyderabad to Godavarikhani,https://www.redbus.in/bus-tickets/hyderabad-to-godavarikhani
TGSRTC - 8026,LAHARI A/C SLEEPER CUM SEATER,13:00,18:50,05h 50m,448,43 Seats available,N/A,Hyderabad to Godavarikhani,https://www.redbus.in/bus-tickets/hyderabad-to-godavarikhani
TGSRTC - 7204,"SUPER LUXURY (NON-AC, 2 + 2 PUSH BACK)",14:00,19:30,05h 30m,369,32 Seats available,N/A,Hyderabad to Godavarikhani,https://www.redbus.in/bus-tickets/hyderabad-to-godavarikhani
Mythri Tours And Travels,A/C Sleeper (2+1),05:00,09:55,04h 55m,449,14 Seats available,N/A,Hyderabad to Godavarikhani,https://www.redbus.in/bus-tickets/hyderabad-to-godavarikhani
Orange Tours and Travels,Scania AC Multi Axle Sleeper (2+1),05:00,08:55,03h 55m,950,38 Seats available,N/A,Hyderabad to Godavarikhani,https://www.redbus.in/bus-tickets/hyderabad-to-godavarikhani
IRA Transports,VE A/C Sleeper (2+1),05:00,09:15,04h 15m,1099,15 Seats available,N/A,Hyderabad to Godavarikhani,https://www.redbus.in/bus-tickets/hyderabad-to-godavarikhani
TGSRTC - 7981,"SUPER LUXURY (NON-AC, 2 + 2 PUSH BACK)",00:05,04:45,04h 40m,287,25 Seats available,N/A,Hyderabad to Armoor,https://www.redbus.in/bus-tickets/hyderabad-to-armoor
TGSRTC - 7979,"SUPER LUXURY (NON-AC, 2 + 2 PUSH BACK)",00:05,03:52,03h 47m,287,31 Seats available,N/A,Hyderabad to Armoor,https://www.redbus.in/bus-tickets/hyderabad-to-armoor
TGSRTC - 9455,"SUPER LUXURY (NON-AC, 2 + 2 PUSH BACK)",00:10,04:20,04h 10m,287,32 Seats available,N/A,Hyderabad to Armoor,https://www.redbus.in/bus-tickets/hyderabad-to-armoor
TGSRTC - 6006,"SUPER LUXURY (NON-AC, 2 + 2 PUSH BACK)",00:20,04:35,28h 15m,287,31 Seats available,N/A,Hyderabad to Armoor,https://www.redbus.in/bus-tickets/hyderabad-to-armoor
TGSRTC - 6004,"SUPER LUXURY (NON-AC, 2 + 2 PUSH BACK)",01:15,05:35,04h 20m,287,10 Seats available,N/A,Hyderabad to Armoor,https://www.redbus.in/bus-tickets/hyderabad-to-armoor
TGSRTC - 8127,Rajdhani (AC Semi Sleeper 2+2),04:00,09:25,05h 25m,349,33 Seats available,N/A,Hyderabad to Armoor,https://www.redbus.in/bus-tickets/hyderabad-to-armoor
TGSRTC - 6021,"SUPER LUXURY (NON-AC, 2 + 2 PUSH BACK)",04:30,08:30,04h 00m,287,32 Seats available,N/A,Hyderabad to Armoor,https://www.redbus.in/bus-tickets/hyderabad-to-armoor
TGSRTC - 7517,"SUPER LUXURY (NON-AC, 2 + 2 PUSH BACK)",05:30,09:30,04h 00m,287,32 Seats available,N/A,Hyderabad to Armoor,https://www.redbus.in/bus-tickets/hyderabad-to-armoor
TGSRTC - 7879,"SUPER LUXURY (NON-AC, 2 + 2 PUSH BACK)",05:45,10:40,04h 55m,287,32 Seats available,N/A,Hyderabad to Armoor,https://www.redbus.in/bus-tickets/hyderabad-to-armoor
TGSRTC - 8199,Rajdhani (AC Semi Sleeper 2+2),06:00,11:10,05h 10m,349,36 Seats available,N/A,Hyderabad to Armoor,https://www.redbus.in/bus-tickets/hyderabad-to-armoor
Saini Travels Pvt. Ltd.,A/C Sleeper (2+1),21:30,01:40,04h 10m,761,11 Seats available,N/A,Hyderabad to Armoor,https://www.redbus.in/bus-tickets/hyderabad-to-armoor
Orange Tours and Travels,A/C Sleeper (2+1),22:00,01:45,03h 45m,600,33 Seats available,N/A,Hyderabad to Armoor,https://www.redbus.in/bus-tickets/hyderabad-to-armoor
SLVR Travels,Non A/C Seater / Sleeper (2+1),03:30,07:10,03h 40m,810,1 Seat available,N/A,Hyderabad to Armoor,https://www.redbus.in/bus-tickets/hyderabad-to-armoor
GDR Tours and Travels,Bharat Benz A/C Seater (2+2),18:00,21:30,03h 30m,456,43 Seats available,N/A,Hyderabad to Armoor,https://www.redbus.in/bus-tickets/hyderabad-to-armoor
Vijayant Travels,Volvo 9600 Multi-Axle A/C Sleeper (2+1),21:40,01:10,03h 30m,1700,32 Seats available,N/A,Hyderabad to Armoor,https://www.redbus.in/bus-tickets/hyderabad-to-armoor
TGSRTC - 30062,GARUDA PLUS (VOLVO / BENZ A.C Multi Axle),02:55,08:10,05h 15m,351,40 Seats available,N/A,Hyderabad to Kodad,https://www.redbus.in/bus-tickets/hyderabad-to-kodad
TGSRTC - 40277,"SUPER LUXURY (NON-AC, 2 + 2 PUSH BACK)",03:05,07:40,04h 35m,289,32 Seats available,N/A,Hyderabad to Kodad,https://www.redbus.in/bus-tickets/hyderabad-to-kodad
TGSRTC - 1500,Rajdhani (AC Semi Sleeper 2+2),03:15,08:30,05h 15m,351,32 Seats available,N/A,Hyderabad to Kodad,https://www.redbus.in/bus-tickets/hyderabad-to-kodad
TGSRTC - 1421,Rajdhani (AC Semi Sleeper 2+2),03:30,07:05,03h 35m,351,32 Seats available,N/A,Hyderabad to Kodad,https://www.redbus.in/bus-tickets/hyderabad-to-kodad
TGSRTC - 1565,"SUPER LUXURY (NON-AC, 2 + 2 PUSH BACK)",03:45,07:20,03h 35m,289,32 Seats available,N/A,Hyderabad to Kodad,https://www.redbus.in/bus-tickets/hyderabad-to-kodad
TGSRTC - 9933,"SUPER LUXURY (NON-AC, 2 + 2 PUSH BACK)",03:45,09:00,05h 15m,289,30 Seats available,N/A,Hyderabad to Kodad,https://www.redbus.in/bus-tickets/hyderabad-to-kodad
TGSRTC - 1467,Rajdhani (AC Semi Sleeper 2+2),04:15,07:50,03h 35m,351,32 Seats available,N/A,Hyderabad to Kodad,https://www.redbus.in/bus-tickets/hyderabad-to-kodad
TGSRTC - 1353,Rajdhani (AC Semi Sleeper 2+2),04:35,09:50,05h 15m,351,32 Seats available,N/A,Hyderabad to Kodad,https://www.redbus.in/bus-tickets/hyderabad-to-kodad
TGSRTC - 2961,Rajdhani (AC Semi Sleeper 2+2),04:55,10:10,05h 15m,351,31 Seats available,N/A,Hyderabad to Kodad,https://www.redbus.in/bus-tickets/hyderabad-to-kodad
TGSRTC - 40462,"SUPER LUXURY (NON-AC, 2 + 2 PUSH BACK)",05:05,10:20,05h 15m,289,32 Seats available,N/A,Hyderabad to Kodad,https://www.redbus.in/bus-tickets/hyderabad-to-kodad
TGSRTC - 40062,"SUPER LUXURY (NON-AC, 2 + 2 PUSH BACK)",05:25,10:40,05h 15m,289,32 Seats available,N/A,Hyderabad to Kodad,https://www.redbus.in/bus-tickets/hyderabad-to-kodad
TGSRTC - 1524,Rajdhani (AC Semi Sleeper 2+2),05:35,09:10,03h 35m,351,30 Seats available,N/A,Hyderabad to Kodad,https://www.redbus.in/bus-tickets/hyderabad-to-kodad
TGSRTC - 40631,"SUPER LUXURY (NON-AC, 2 + 2 PUSH BACK)",05:45,09:20,03h 35m,289,32 Seats available,N/A,Hyderabad to Kodad,https://www.redbus.in/bus-tickets/hyderabad-to-kodad
TGSRTC - 30262,GARUDA PLUS (VOLVO / BENZ A.C Multi Axle),05:55,11:10,05h 15m,351,40 Seats available,N/A,Hyderabad to Kodad,https://www.redbus.in/bus-tickets/hyderabad-to-kodad
TGSRTC - 40030,"SUPER LUXURY (NON-AC, 2 + 2 PUSH BACK)",06:05,09:40,03h 35m,289,32 Seats available,N/A,Hyderabad to Kodad,https://www.redbus.in/bus-tickets/hyderabad-to-kodad
NueGo,Electric A/C Seater (2+2),16:00,21:15,05h 15m,338,29 Seats available,N/A,Hyderabad to Kodad,https://www.redbus.in/bus-tickets/hyderabad-to-kodad
NueGo,Electric A/C Seater/Sleeper (2+1),10:30,15:55,05h 25m,332,24 Seats available,N/A,Hyderabad to Kodad,https://www.redbus.in/bus-tickets/hyderabad-to-kodad
NueGo,Electric A/C Seater/Sleeper (2+1),22:00,03:25,05h 25m,338,24 Seats available,N/A,Hyderabad to Kodad,https://www.redbus.in/bus-tickets/hyderabad-to-kodad
NueGo,Electric A/C Seater (2+2),13:30,18:45,05h 15m,338,43 Seats available,N/A,Hyderabad to Kodad,https://www.redbus.in/bus-tickets/hyderabad-to-kodad
NueGo,Electric A/C Semi Sleeper (2+2),23:15,04:50,05h 35m,237,33 Seats available,N/A,Hyderabad to Kodad,https://www.redbus.in/bus-tickets/hyderabad-to-kodad
TGSRTC - 7772,"SUPER LUXURY (NON-AC, 2 + 2 PUSH BACK)",00:45,04:35,03h 50m,274,22 Seats available,N/A,Hyderabad to Nizamabad,https://www.redbus.in/bus-tickets/hyderabad-to-nizamabad
TGSRTC - 6002,"SUPER LUXURY (NON-AC, 2 + 2 PUSH BACK)",01:55,06:40,04h 45m,274,18 Seats available,N/A,Hyderabad to Nizamabad,https://www.redbus.in/bus-tickets/hyderabad-to-nizamabad
TGSRTC - 7751,"SUPER LUXURY (NON-AC, 2 + 2 PUSH BACK)",03:00,07:25,04h 25m,274,25 Seats available,N/A,Hyderabad to Nizamabad,https://www.redbus.in/bus-tickets/hyderabad-to-nizamabad
TGSRTC - 6102,"SUPER LUXURY (NON-AC, 2 + 2 PUSH BACK)",03:30,08:10,04h 40m,274,29 Seats available,N/A,Hyderabad to Nizamabad,https://www.redbus.in/bus-tickets/hyderabad-to-nizamabad
TGSRTC - 7729,Lahari Non A/C Sleeper Cum Seater,03:30,07:55,04h 25m,274,27 Seats available,N/A,Hyderabad to Nizamabad,https://www.redbus.in/bus-tickets/hyderabad-to-nizamabad
TGSRTC - 7774,Lahari Non A/C Sleeper Cum Seater,03:30,07:55,04h 25m,274,27 Seats available,N/A,Hyderabad to Nizamabad,https://www.redbus.in/bus-tickets/hyderabad-to-nizamabad
TGSRTC - 7742,"SUPER LUXURY (NON-AC, 2 + 2 PUSH BACK)",03:45,07:45,04h 00m,274,25 Seats available,N/A,Hyderabad to Nizamabad,https://www.redbus.in/bus-tickets/hyderabad-to-nizamabad
TGSRTC - 7646,"SUPER LUXURY (NON-AC, 2 + 2 PUSH BACK)",04:30,08:40,04h 10m,274,24 Seats available,N/A,Hyderabad to Nizamabad,https://www.redbus.in/bus-tickets/hyderabad-to-nizamabad
TGSRTC - 7762,"SUPER LUXURY (NON-AC, 2 + 2 PUSH BACK)",04:50,09:10,04h 20m,274,31 Seats available,N/A,Hyderabad to Nizamabad,https://www.redbus.in/bus-tickets/hyderabad-to-nizamabad
TGSRTC - 7607,Rajdhani (AC Semi Sleeper 2+2),05:30,10:00,04h 30m,333,33 Seats available,N/A,Hyderabad to Nizamabad,https://www.redbus.in/bus-tickets/hyderabad-to-nizamabad
TGSRTC - 7650,"SUPER LUXURY (NON-AC, 2 + 2 PUSH BACK)",05:30,09:25,03h 55m,274,27 Seats available,N/A,Hyderabad to Nizamabad,https://www.redbus.in/bus-tickets/hyderabad-to-nizamabad
TGSRTC - 6035,GARUDA PLUS (VOLVO / BENZ A.C Multi Axle),05:45,09:40,03h 55m,333,45 Seats available,N/A,Hyderabad to Nizamabad,https://www.redbus.in/bus-tickets/hyderabad-to-nizamabad
TGSRTC - 7695,LAHARI A/C SLEEPER CUM SEATER,05:50,09:30,03h 40m,333,36 Seats available,N/A,Hyderabad to Nizamabad,https://www.redbus.in/bus-tickets/hyderabad-to-nizamabad
TGSRTC - 7661,LAHARI A/C SLEEPER CUM SEATER,06:45,10:15,03h 30m,333,28 Seats available,N/A,Hyderabad to Nizamabad,https://www.redbus.in/bus-tickets/hyderabad-to-nizamabad
TGSRTC - 6677,"SUPER LUXURY (NON-AC, 2 + 2 PUSH BACK)",08:30,12:35,04h 05m,274,32 Seats available,N/A,Hyderabad to Nizamabad,https://www.redbus.in/bus-tickets/hyderabad-to-nizamabad
Shree Khurana Shabrij Travels,A/C Sleeper (2+1),22:00,23:59,01h 59m,550,31 Seats available,N/A,Hyderabad to Nizamabad,https://www.redbus.in/bus-tickets/hyderabad-to-nizamabad
SLVR Travels,Non A/C Seater / Sleeper (2+1),03:30,06:50,03h 20m,810,1 Seat available,N/A,Hyderabad to Nizamabad,https://www.redbus.in/bus-tickets/hyderabad-to-nizamabad
Harikrishna Travels,Volvo Multi-Axle B9R A/c Semi Sleeper (2+2),03:46,06:45,02h 59m,850,49 Seats available,N/A,Hyderabad to Nizamabad,https://www.redbus.in/bus-tickets/hyderabad-to-nizamabad
JAI MARUTHI TRAVELS,Volvo Multi Axle A/C Sleeper I-Shift B11R (2+1),21:45,02:00,04h 15m,1600,38 Seats available,N/A,Hyderabad to Nizamabad,https://www.redbus.in/bus-tickets/hyderabad-to-nizamabad
SHRI VISHWAKARMA TRAVELS (KETU),NON A/C Sleeper (2+1),16:15,19:30,03h 15m,2375,27 Seats available,N/A,Hyderabad to Nizamabad,https://www.redbus.in/bus-tickets/hyderabad-to-nizamabad
TGSRTC - 7882,"SUPER LUXURY (NON-AC, 2 + 2 PUSH BACK)",01:20,05:50,04h 30m,342,17 Seats available,N/A,Hyderabad to Jagityal,https://www.redbus.in/bus-tickets/hyderabad-to-jagityal
TGSRTC - 7350,"SUPER LUXURY (NON-AC, 2 + 2 PUSH BACK)",03:30,07:45,04h 15m,342,31 Seats available,N/A,Hyderabad to Jagityal,https://www.redbus.in/bus-tickets/hyderabad-to-jagityal
TGSRTC - 7383,Rajdhani (AC Semi Sleeper 2+2),04:45,09:25,04h 40m,414,29 Seats available,N/A,Hyderabad to Jagityal,https://www.redbus.in/bus-tickets/hyderabad-to-jagityal
TGSRTC - 7470,"SUPER LUXURY (NON-AC, 2 + 2 PUSH BACK)",05:10,10:30,05h 20m,342,29 Seats available,N/A,Hyderabad to Jagityal,https://www.redbus.in/bus-tickets/hyderabad-to-jagityal
TGSRTC - 7151,Rajdhani (AC Semi Sleeper 2+2),07:00,11:15,04h 15m,414,29 Seats available,N/A,Hyderabad to Jagityal,https://www.redbus.in/bus-tickets/hyderabad-to-jagityal
TGSRTC - 7476,"SUPER LUXURY (NON-AC, 2 + 2 PUSH BACK)",07:30,12:15,04h 45m,342,31 Seats available,N/A,Hyderabad to Jagityal,https://www.redbus.in/bus-tickets/hyderabad-to-jagityal
TGSRTC - 7499,"SUPER LUXURY (NON-AC, 2 + 2 PUSH BACK)",09:35,14:10,04h 35m,342,32 Seats available,N/A,Hyderabad to Jagityal,https://www.redbus.in/bus-tickets/hyderabad-to-jagityal
TGSRTC - 7543,"SUPER LUXURY (NON-AC, 2 + 2 PUSH BACK)",09:55,15:25,05h 30m,342,31 Seats available,N/A,Hyderabad to Jagityal,https://www.redbus.in/bus-tickets/hyderabad-to-jagityal
TGSRTC - 7321,"SUPER LUXURY (NON-AC, 2 + 2 PUSH BACK)",10:50,15:05,04h 15m,342,32 Seats available,N/A,Hyderabad to Jagityal,https://www.redbus.in/bus-tickets/hyderabad-to-jagityal
TGSRTC - 7381,Rajdhani (AC Semi Sleeper 2+2),11:00,16:00,05h 00m,414,32 Seats available,N/A,Hyderabad to Jagityal,https://www.redbus.in/bus-tickets/hyderabad-to-jagityal
SLVR Travels,Non A/C Seater / Sleeper (2+1),03:30,08:15,04h 45m,810,1 Seat available,N/A,Hyderabad to Jagityal,https://www.redbus.in/bus-tickets/hyderabad-to-jagityal
Harikrishna Travels,Non A/C Seater / Sleeper (2+1),05:00,09:30,04h 30m,1045,17 Seats available,N/A,Hyderabad to Jagityal,https://www.redbus.in/bus-tickets/hyderabad-to-jagityal
Shree Saipooja Travels,A/C Seater/Sleeper (2+1),06:30,11:15,04h 45m,2850,42 Seats available,N/A,Hyderabad to Jagityal,https://www.redbus.in/bus-tickets/hyderabad-to-jagityal
TGSRTC - 7306,"SUPER LUXURY (NON-AC, 2 + 2 PUSH BACK)",04:15,08:55,04h 40m,342,14 Seats available,N/A,Jagityal to Hyderabad,https://www.redbus.in/bus-tickets/jagityal-to-hyderabad
TGSRTC - 7343,"SUPER LUXURY (NON-AC, 2 + 2 PUSH BACK)",05:00,10:15,05h 15m,342,4 Seats available,N/A,Jagityal to Hyderabad,https://www.redbus.in/bus-tickets/jagityal-to-hyderabad
TGSRTC - 7353,"SUPER LUXURY (NON-AC, 2 + 2 PUSH BACK)",06:05,10:55,04h 50m,342,32 Seats available,N/A,Jagityal to Hyderabad,https://www.redbus.in/bus-tickets/jagityal-to-hyderabad
TGSRTC - 7357,"SUPER LUXURY (NON-AC, 2 + 2 PUSH BACK)",06:45,11:35,04h 50m,342,32 Seats available,N/A,Jagityal to Hyderabad,https://www.redbus.in/bus-tickets/jagityal-to-hyderabad
TGSRTC - 7386,"SUPER LUXURY (NON-AC, 2 + 2 PUSH BACK)",07:55,12:45,04h 50m,342,31 Seats available,N/A,Jagityal to Hyderabad,https://www.redbus.in/bus-tickets/jagityal-to-hyderabad
TGSRTC - 7349,"SUPER LUXURY (NON-AC, 2 + 2 PUSH BACK)",10:45,15:35,04h 50m,342,21 Seats available,N/A,Jagityal to Hyderabad,https://www.redbus.in/bus-tickets/jagityal-to-hyderabad
TGSRTC - 7471,"SUPER LUXURY (NON-AC, 2 + 2 PUSH BACK)",12:30,16:50,04h 20m,342,28 Seats available,N/A,Jagityal to Hyderabad,https://www.redbus.in/bus-tickets/jagityal-to-hyderabad
TGSRTC - 7152,Rajdhani (AC Semi Sleeper 2+2),13:00,17:50,04h 50m,414,28 Seats available,N/A,Jagityal to Hyderabad,https://www.redbus.in/bus-tickets/jagityal-to-hyderabad
TGSRTC - 7469,"SUPER LUXURY (NON-AC, 2 + 2 PUSH BACK)",14:00,18:40,04h 40m,342,32 Seats available,N/A,Jagityal to Hyderabad,https://www.redbus.in/bus-tickets/jagityal-to-hyderabad
TGSRTC - 7881,"SUPER LUXURY (NON-AC, 2 + 2 PUSH BACK)",15:15,19:25,04h 10m,342,32 Seats available,N/A,Jagityal to Hyderabad,https://www.redbus.in/bus-tickets/jagityal-to-hyderabad
TGSRTC - 7418,"SUPER LUXURY (NON-AC, 2 + 2 PUSH BACK)",16:40,21:36,04h 56m,342,32 Seats available,N/A,Jagityal to Hyderabad,https://www.redbus.in/bus-tickets/jagityal-to-hyderabad
TGSRTC - 7382,Rajdhani (AC Semi Sleeper 2+2),18:15,00:05,05h 50m,414,30 Seats available,N/A,Jagityal to Hyderabad,https://www.redbus.in/bus-tickets/jagityal-to-hyderabad
TGSRTC - 7302,"SUPER LUXURY (NON-AC, 2 + 2 PUSH BACK)",19:15,00:05,04h 50m,342,32 Seats available,N/A,Jagityal to Hyderabad,https://www.redbus.in/bus-tickets/jagityal-to-hyderabad
TGSRTC - 7345,"SUPER LUXURY (NON-AC, 2 + 2 PUSH BACK)",19:45,00:35,04h 50m,342,32 Seats available,N/A,Jagityal to Hyderabad,https://www.redbus.in/bus-tickets/jagityal-to-hyderabad
TGSRTC - 7355,"SUPER LUXURY (NON-AC, 2 + 2 PUSH BACK)",20:00,01:45,05h 45m,342,31 Seats available,N/A,Jagityal to Hyderabad,https://www.redbus.in/bus-tickets/jagityal-to-hyderabad
SLVR Travels,Non A/C Seater / Sleeper (2+1),17:10,23:35,06h 25m,810,32 Seats available,N/A,Jagityal to Hyderabad,https://www.redbus.in/bus-tickets/jagityal-to-hyderabad
Harikrishna Travels,Non A/C Seater / Sleeper (2+1),17:30,23:00,05h 30m,475,30 Seats available,N/A,Jagityal to Hyderabad,https://www.redbus.in/bus-tickets/jagityal-to-hyderabad
Harikrishna Travels,Non A/C Seater / Sleeper (2+1),17:30,23:55,06h 25m,855,31 Seats available,N/A,Jagityal to Hyderabad,https://www.redbus.in/bus-tickets/jagityal-to-hyderabad
Shree Saipooja Travels,A/C Seater/Sleeper (2+1),17:30,22:50,05h 20m,2850,42 Seats available,N/A,Jagityal to Hyderabad,https://www.redbus.in/bus-tickets/jagityal-to-hyderabad
Harikrishna Travels,Non A/C Seater / Sleeper (2+1),17:25,23:00,05h 35m,900,40 Seats available,N/A,Jagityal to Hyderabad,https://www.redbus.in/bus-tickets/jagityal-to-hyderabad
TGSRTC - 7194,"SUPER LUXURY (NON-AC, 2 + 2 PUSH BACK)",00:15,05:55,05h 40m,378,7 Seats available,N/A,Godavarikhani to Hyderabad,https://www.redbus.in/bus-tickets/godavarikhani-to-hyderabad
TGSRTC - 8035,"SUPER LUXURY (NON-AC, 2 + 2 PUSH BACK)",00:30,06:05,05h 35m,369,1 Seat available,N/A,Godavarikhani to Hyderabad,https://www.redbus.in/bus-tickets/godavarikhani-to-hyderabad
TGSRTC - 7104,"SUPER LUXURY (NON-AC, 2 + 2 PUSH BACK)",04:00,08:45,04h 45m,369,14 Seats available,N/A,Godavarikhani to Hyderabad,https://www.redbus.in/bus-tickets/godavarikhani-to-hyderabad
TGSRTC - 7186,"SUPER LUXURY (NON-AC, 2 + 2 PUSH BACK)",05:00,09:30,04h 30m,369,25 Seats available,N/A,Godavarikhani to Hyderabad,https://www.redbus.in/bus-tickets/godavarikhani-to-hyderabad
TGSRTC - 7200,"SUPER LUXURY (NON-AC, 2 + 2 PUSH BACK)",05:45,10:35,04h 50m,369,32 Seats available,N/A,Godavarikhani to Hyderabad,https://www.redbus.in/bus-tickets/godavarikhani-to-hyderabad
TGSRTC - 9502,Rajdhani (AC Semi Sleeper 2+2),06:30,11:15,04h 45m,448,16 Seats available,N/A,Godavarikhani to Hyderabad,https://www.redbus.in/bus-tickets/godavarikhani-to-hyderabad
TGSRTC - 7231,"SUPER LUXURY (NON-AC, 2 + 2 PUSH BACK)",07:15,12:00,04h 45m,369,31 Seats available,N/A,Godavarikhani to Hyderabad,https://www.redbus.in/bus-tickets/godavarikhani-to-hyderabad
TGSRTC - 8138,"SUPER LUXURY (NON-AC, 2 + 2 PUSH BACK)",07:20,12:55,05h 35m,369,32 Seats available,N/A,Godavarikhani to Hyderabad,https://www.redbus.in/bus-tickets/godavarikhani-to-hyderabad
TGSRTC - 9500,Rajdhani (AC Semi Sleeper 2+2),07:30,12:25,04h 55m,448,29 Seats available,N/A,Godavarikhani to Hyderabad,https://www.redbus.in/bus-tickets/godavarikhani-to-hyderabad
TGSRTC - 7268,"SUPER LUXURY (NON-AC, 2 + 2 PUSH BACK)",08:00,12:50,04h 50m,369,30 Seats available,N/A,Godavarikhani to Hyderabad,https://www.redbus.in/bus-tickets/godavarikhani-to-hyderabad
Mythri Tours And Travels,A/C Sleeper (2+1),17:05,22:35,05h 30m,449,21 Seats available,N/A,Godavarikhani to Hyderabad,https://www.redbus.in/bus-tickets/godavarikhani-to-hyderabad
IRA Transports,VE A/C Sleeper (2+1),17:45,00:00,06h 15m,1499,20 Seats available,N/A,Godavarikhani to Hyderabad,https://www.redbus.in/bus-tickets/godavarikhani-to-hyderabad
IPS Bus Service,NON A/C Sleeper (2+2),03:40,08:00,04h 20m,1200,28 Seats available,N/A,Godavarikhani to Hyderabad,https://www.redbus.in/bus-tickets/godavarikhani-to-hyderabad
APSRTC - 3500,"SUPER LUXURY (NON-AC, 2 + 2 PUSH BACK)",15:45,04:15,12h 30m,699,30 Seats available,N/A,Hyderabad to Rajahmundry,https://www.redbus.in/bus-tickets/hyderabad-to-rajahmundry
APSRTC - 3376,"SUPER LUXURY (NON-AC, 2 + 2 PUSH BACK)",16:45,02:00,09h 15m,699,32 Seats available,N/A,Hyderabad to Rajahmundry,https://www.redbus.in/bus-tickets/hyderabad-to-rajahmundry
APSRTC - 3366,"SUPER LUXURY (NON-AC, 2 + 2 PUSH BACK)",17:15,05:30,12h 15m,699,31 Seats available,N/A,Hyderabad to Rajahmundry,https://www.redbus.in/bus-tickets/hyderabad-to-rajahmundry
APSRTC - 3360,AMARAVATHI (VOLVO / SCANIA A.C Multi Axle),17:45,04:30,10h 45m,1074,33 Seats available,N/A,Hyderabad to Rajahmundry,https://www.redbus.in/bus-tickets/hyderabad-to-rajahmundry
APSRTC - 2850,"SUPER LUXURY (NON-AC, 2 + 2 PUSH BACK)",17:45,05:50,12h 05m,668,33 Seats available,N/A,Hyderabad to Rajahmundry,https://www.redbus.in/bus-tickets/hyderabad-to-rajahmundry
APSRTC - 2826,"SUPER LUXURY (NON-AC, 2 + 2 PUSH BACK)",18:15,07:00,12h 45m,691,28 Seats available,N/A,Hyderabad to Rajahmundry,https://www.redbus.in/bus-tickets/hyderabad-to-rajahmundry
APSRTC - 2898,STAR LINER(NON-AC SLEEPER 2+1),18:45,05:00,10h 15m,906,22 Seats available,N/A,Hyderabad to Rajahmundry,https://www.redbus.in/bus-tickets/hyderabad-to-rajahmundry
APSRTC - 3358,"SUPER LUXURY (NON-AC, 2 + 2 PUSH BACK)",19:00,05:00,10h 00m,699,32 Seats available,N/A,Hyderabad to Rajahmundry,https://www.redbus.in/bus-tickets/hyderabad-to-rajahmundry
APSRTC - 2680,VENNELA (A.C. SLEEPER),19:00,05:30,10h 30m,1245,21 Seats available,N/A,Hyderabad to Rajahmundry,https://www.redbus.in/bus-tickets/hyderabad-to-rajahmundry
APSRTC - 2798,INDRA(A.C. Seater),19:15,06:15,11h 00m,847,36 Seats available,N/A,Hyderabad to Rajahmundry,https://www.redbus.in/bus-tickets/hyderabad-to-rajahmundry
APSRTC - 2784,"SUPER LUXURY (NON-AC, 2 + 2 PUSH BACK)",19:15,05:57,10h 42m,686,28 Seats available,N/A,Hyderabad to Rajahmundry,https://www.redbus.in/bus-tickets/hyderabad-to-rajahmundry
APSRTC - 2782,STAR LINER(NON-AC SLEEPER 2+1),19:20,06:15,10h 55m,866,16 Seats available,N/A,Hyderabad to Rajahmundry,https://www.redbus.in/bus-tickets/hyderabad-to-rajahmundry
APSRTC - 2866,"SUPER LUXURY (NON-AC, 2 + 2 PUSH BACK)",19:30,06:34,11h 04m,686,31 Seats available,N/A,Hyderabad to Rajahmundry,https://www.redbus.in/bus-tickets/hyderabad-to-rajahmundry
APSRTC - 4944,"SUPER LUXURY (NON-AC, 2 + 2 PUSH BACK)",19:45,07:30,11h 45m,686,25 Seats available,N/A,Hyderabad to Rajahmundry,https://www.redbus.in/bus-tickets/hyderabad-to-rajahmundry
APSRTC - 2786,"SUPER LUXURY (NON-AC, 2 + 2 PUSH BACK)",20:00,07:13,11h 13m,700,30 Seats available,N/A,Hyderabad to Rajahmundry,https://www.redbus.in/bus-tickets/hyderabad-to-rajahmundry
Mythri Tours And Travels,A/C Sleeper (2+1),22:30,07:00,08h 30m,999,21 Seats available,N/A,Hyderabad to Rajahmundry,https://www.redbus.in/bus-tickets/hyderabad-to-rajahmundry
BSR Tours And Travels,Volvo 9600 Multi-Axle A/C Sleeper (2+1),23:30,06:00,06h 30m,1169,29 Seats available,N/A,Hyderabad to Rajahmundry,https://www.redbus.in/bus-tickets/hyderabad-to-rajahmundry
Mythri Tours And Travels,A/C Sleeper (2+1),23:00,07:40,08h 40m,809,11 Seats available,N/A,Hyderabad to Rajahmundry,https://www.redbus.in/bus-tickets/hyderabad-to-rajahmundry
AdSrivastav Travels,Bharat Benz A/C Sleeper (2+1),23:15,08:30,09h 15m,599,27 Seats available,N/A,Hyderabad to Rajahmundry,https://www.redbus.in/bus-tickets/hyderabad-to-rajahmundry
IntrCity SmartBus,A/C Seater / Sleeper (2+1),21:30,06:15,08h 45m,599,41 Seats available,N/A,Hyderabad to Rajahmundry,https://www.redbus.in/bus-tickets/hyderabad-to-rajahmundry
TGSRTC - 8865,"SUPER LUXURY (NON-AC, 2 + 2 PUSH BACK)",01:30,08:20,30h 50m,473,32 Seats available,N/A,Hyderabad to Palavancha (palwancha),https://www.redbus.in/bus-tickets/hyderabad-to-palvancha
TGSRTC - 6915,Deluxe (Non AC Seater 2+2),04:00,10:35,06h 35m,415,36 Seats available,N/A,Hyderabad to Palavancha (palwancha),https://www.redbus.in/bus-tickets/hyderabad-to-palvancha
TGSRTC - 1318,LAHARI A/C SLEEPER CUM SEATER,04:40,12:20,07h 40m,574,40 Seats available,N/A,Hyderabad to Palavancha (palwancha),https://www.redbus.in/bus-tickets/hyderabad-to-palvancha
TGSRTC - 8705,"SUPER LUXURY (NON-AC, 2 + 2 PUSH BACK)",05:10,11:40,06h 30m,473,32 Seats available,N/A,Hyderabad to Palavancha (palwancha),https://www.redbus.in/bus-tickets/hyderabad-to-palvancha
TGSRTC - 6911,Deluxe (Non AC Seater 2+2),05:20,11:55,06h 35m,415,36 Seats available,N/A,Hyderabad to Palavancha (palwancha),https://www.redbus.in/bus-tickets/hyderabad-to-palvancha
TGSRTC - 1951,LAHARI A/C SLEEPER CUM SEATER,05:30,13:00,07h 30m,574,33 Seats available,N/A,Hyderabad to Palavancha (palwancha),https://www.redbus.in/bus-tickets/hyderabad-to-palvancha
TGSRTC - 6923,"SUPER LUXURY (NON-AC, 2 + 2 PUSH BACK)",05:30,12:30,07h 00m,473,32 Seats available,N/A,Hyderabad to Palavancha (palwancha),https://www.redbus.in/bus-tickets/hyderabad-to-palvancha
TGSRTC - 8727,"SUPER LUXURY (NON-AC, 2 + 2 PUSH BACK)",06:00,12:30,06h 30m,473,32 Seats available,N/A,Hyderabad to Palavancha (palwancha),https://www.redbus.in/bus-tickets/hyderabad-to-palvancha
TGSRTC - 8955,"SUPER LUXURY (NON-AC, 2 + 2 PUSH BACK)",07:00,15:45,08h 45m,473,32 Seats available,N/A,Hyderabad to Palavancha (palwancha),https://www.redbus.in/bus-tickets/hyderabad-to-palvancha
TGSRTC - 8703,"SUPER LUXURY (NON-AC, 2 + 2 PUSH BACK)",07:00,13:30,06h 30m,473,32 Seats available,N/A,Hyderabad to Palavancha (palwancha),https://www.redbus.in/bus-tickets/hyderabad-to-palvancha
Bharathi Tours & Travels,A/C Sleeper (2+1),22:20,05:10,06h 50m,690,23 Seats available,N/A,Hyderabad to Palavancha (palwancha),https://www.redbus.in/bus-tickets/hyderabad-to-palvancha
BSR Tours And Travels,A/C Sleeper (2+1),22:00,04:50,06h 50m,780,15 Seats available,N/A,Hyderabad to Palavancha (palwancha),https://www.redbus.in/bus-tickets/hyderabad-to-palvancha
BSR Tours And Travels,Volvo Multi-Axle A/C Sleeper (2+1),22:00,05:00,07h 00m,780,19 Seats available,N/A,Hyderabad to Palavancha (palwancha),https://www.redbus.in/bus-tickets/hyderabad-to-palvancha
Bharathi Tours & Travels,Non A/C Seater / Sleeper (2+1),21:20,05:50,08h 30m,380,30 Seats available,N/A,Hyderabad to Palavancha (palwancha),https://www.redbus.in/bus-tickets/hyderabad-to-palvancha
Bharathi Tours & Travels,Non A/C Seater / Sleeper (2+1),22:20,05:00,06h 40m,380,29 Seats available,N/A,Hyderabad to Palavancha (palwancha),https://www.redbus.in/bus-tickets/hyderabad-to-palvancha
TGSRTC - 41562,"SUPER LUXURY (NON-AC, 2 + 2 PUSH BACK)",00:00,02:40,02h 40m,289,27 Seats available,N/A,Kodad to Hyderabad,https://www.redbus.in/bus-tickets/kodad-to-hyderabad
TGSRTC - 7774,Lahari Non A/C Sleeper Cum Seater,00:05,04:15,04h 10m,314,15 Seats available,N/A,Kodad to Hyderabad,https://www.redbus.in/bus-tickets/kodad-to-hyderabad
TGSRTC - 7742,"SUPER LUXURY (NON-AC, 2 + 2 PUSH BACK)",00:10,04:35,04h 25m,289,26 Seats available,N/A,Kodad to Hyderabad,https://www.redbus.in/bus-tickets/kodad-to-hyderabad
TGSRTC - 14762,eGARUDA,00:45,03:30,02h 45m,351,35 Seats available,N/A,Kodad to Hyderabad,https://www.redbus.in/bus-tickets/kodad-to-hyderabad
TGSRTC - 9930,"SUPER LUXURY (NON-AC, 2 + 2 PUSH BACK)",00:45,03:50,03h 05m,289,3 Seats available,N/A,Kodad to Hyderabad,https://www.redbus.in/bus-tickets/kodad-to-hyderabad
TGSRTC - 1590,Rajdhani (AC Semi Sleeper 2+2),00:50,04:00,03h 10m,351,30 Seats available,N/A,Kodad to Hyderabad,https://www.redbus.in/bus-tickets/kodad-to-hyderabad
TGSRTC - 41731,"SUPER LUXURY (NON-AC, 2 + 2 PUSH BACK)",01:10,04:00,02h 50m,289,31 Seats available,N/A,Kodad to Hyderabad,https://www.redbus.in/bus-tickets/kodad-to-hyderabad
TGSRTC - 16362,eGARUDA,01:15,04:00,02h 45m,351,19 Seats available,N/A,Kodad to Hyderabad,https://www.redbus.in/bus-tickets/kodad-to-hyderabad
TGSRTC - 42962,"SUPER LUXURY (NON-AC, 2 + 2 PUSH BACK)",01:25,04:10,02h 45m,289,18 Seats available,N/A,Kodad to Hyderabad,https://www.redbus.in/bus-tickets/kodad-to-hyderabad
TGSRTC - 7762,"SUPER LUXURY (NON-AC, 2 + 2 PUSH BACK)",01:50,05:40,03h 50m,289,32 Seats available,N/A,Kodad to Hyderabad,https://www.redbus.in/bus-tickets/kodad-to-hyderabad
TGSRTC - 43362,"SUPER LUXURY (NON-AC, 2 + 2 PUSH BACK)",03:10,05:50,02h 40m,289,25 Seats available,N/A,Kodad to Hyderabad,https://www.redbus.in/bus-tickets/kodad-to-hyderabad
TGSRTC - 40762,"SUPER LUXURY (NON-AC, 2 + 2 PUSH BACK)",05:20,08:00,02h 40m,289,6 Seats available,N/A,Kodad to Hyderabad,https://www.redbus.in/bus-tickets/kodad-to-hyderabad
TGSRTC - 40962,"SUPER LUXURY (NON-AC, 2 + 2 PUSH BACK)",05:40,08:20,02h 40m,289,31 Seats available,N/A,Kodad to Hyderabad,https://www.redbus.in/bus-tickets/kodad-to-hyderabad
TGSRTC - 1470,Rajdhani (AC Semi Sleeper 2+2),05:45,08:25,02h 40m,351,31 Seats available,N/A,Kodad to Hyderabad,https://www.redbus.in/bus-tickets/kodad-to-hyderabad
TGSRTC - 41931,"SUPER LUXURY (NON-AC, 2 + 2 PUSH BACK)",06:00,08:40,02h 40m,289,31 Seats available,N/A,Kodad to Hyderabad,https://www.redbus.in/bus-tickets/kodad-to-hyderabad
NueGo,Electric A/C Seater (2+2),06:45,10:35,03h 50m,427,6 Seats available,N/A,Kodad to Hyderabad,https://www.redbus.in/bus-tickets/kodad-to-hyderabad
NueGo,Electric A/C Seater (2+2),10:45,14:35,03h 50m,384,14 Seats available,N/A,Kodad to Hyderabad,https://www.redbus.in/bus-tickets/kodad-to-hyderabad
NueGo,Electric A/C Semi Sleeper (2+2),13:30,17:35,04h 05m,404,19 Seats available,N/A,Kodad to Hyderabad,https://www.redbus.in/bus-tickets/kodad-to-hyderabad
Sri KVR Travels,Non A/C Seater / Sleeper (2+1),00:45,04:30,03h 45m,670,5 Seats available,N/A,Kodad to Hyderabad,https://www.redbus.in/bus-tickets/kodad-to-hyderabad
NueGo,Electric A/C Seater (2+2),11:45,15:35,03h 50m,332,19 Seats available,N/A,Kodad to Hyderabad,https://www.redbus.in/bus-tickets/kodad-to-hyderabad
APSRTC - 51626,"SUPER LUXURY (NON-AC, 2 + 2 PUSH BACK)",00:30,04:40,04h 10m,344,33 Seats available,N/A,Hyderabad to Kurnool,https://www.redbus.in/bus-tickets/hyderabad-to-kurnool
APSRTC - 51130,INDRA(A.C. Seater),01:15,05:45,04h 30m,416,37 Seats available,N/A,Hyderabad to Kurnool,https://www.redbus.in/bus-tickets/hyderabad-to-kurnool
APSRTC - 51137,"SUPER LUXURY (NON-AC, 2 + 2 PUSH BACK)",01:30,05:40,04h 10m,344,33 Seats available,N/A,Hyderabad to Kurnool,https://www.redbus.in/bus-tickets/hyderabad-to-kurnool
APSRTC - 6393,"SUPER LUXURY (NON-AC, 2 + 2 PUSH BACK)",02:00,06:55,04h 55m,344,33 Seats available,N/A,Hyderabad to Kurnool,https://www.redbus.in/bus-tickets/hyderabad-to-kurnool
APSRTC - 51351,"SUPER LUXURY (NON-AC, 2 + 2 PUSH BACK)",03:45,08:45,05h 00m,376,30 Seats available,N/A,Hyderabad to Kurnool,https://www.redbus.in/bus-tickets/hyderabad-to-kurnool
APSRTC - 6593,"SUPER LUXURY (NON-AC, 2 + 2 PUSH BACK)",05:00,10:30,05h 30m,376,27 Seats available,N/A,Hyderabad to Kurnool,https://www.redbus.in/bus-tickets/hyderabad-to-kurnool
APSRTC - 6565,"SUPER LUXURY (NON-AC, 2 + 2 PUSH BACK)",05:20,10:45,05h 25m,376,31 Seats available,N/A,Hyderabad to Kurnool,https://www.redbus.in/bus-tickets/hyderabad-to-kurnool
APSRTC - 6879,"SUPER LUXURY (NON-AC, 2 + 2 PUSH BACK)",05:30,11:45,06h 15m,376,32 Seats available,N/A,Hyderabad to Kurnool,https://www.redbus.in/bus-tickets/hyderabad-to-kurnool
APSRTC - 9291,"SUPER LUXURY (NON-AC, 2 + 2 PUSH BACK)",07:00,13:15,06h 15m,376,33 Seats available,N/A,Hyderabad to Kurnool,https://www.redbus.in/bus-tickets/hyderabad-to-kurnool
APSRTC - 51244,"SUPER LUXURY (NON-AC, 2 + 2 PUSH BACK)",07:00,12:00,05h 00m,344,32 Seats available,N/A,Hyderabad to Kurnool,https://www.redbus.in/bus-tickets/hyderabad-to-kurnool
APSRTC - 51535,"SUPER LUXURY (NON-AC, 2 + 2 PUSH BACK)",07:45,12:00,04h 15m,344,33 Seats available,N/A,Hyderabad to Kurnool,https://www.redbus.in/bus-tickets/hyderabad-to-kurnool
APSRTC - 66360,"SUPER LUXURY (NON-AC, 2 + 2 PUSH BACK)",08:00,14:00,06h 00m,376,29 Seats available,N/A,Hyderabad to Kurnool,https://www.redbus.in/bus-tickets/hyderabad-to-kurnool
APSRTC - 51453,"SUPER LUXURY (NON-AC, 2 + 2 PUSH BACK)",08:15,12:30,04h 15m,344,33 Seats available,N/A,Hyderabad to Kurnool,https://www.redbus.in/bus-tickets/hyderabad-to-kurnool
APSRTC - 6414,INDRA(A.C. Seater),08:30,13:45,05h 15m,455,36 Seats available,N/A,Hyderabad to Kurnool,https://www.redbus.in/bus-tickets/hyderabad-to-kurnool
APSRTC - 6428,"SUPER LUXURY (NON-AC, 2 + 2 PUSH BACK)",09:00,13:15,04h 15m,344,32 Seats available,N/A,Hyderabad to Kurnool,https://www.redbus.in/bus-tickets/hyderabad-to-kurnool
NueGo,Electric A/C Semi Sleeper (2+2),06:30,11:45,05h 15m,284,26 Seats available,N/A,Hyderabad to Kurnool,https://www.redbus.in/bus-tickets/hyderabad-to-kurnool
NueGo,Electric A/C Seater (2+2),23:00,04:15,05h 15m,309,35 Seats available,N/A,Hyderabad to Kurnool,https://www.redbus.in/bus-tickets/hyderabad-to-kurnool
NueGo,Electric A/C Semi Sleeper (2+2),17:00,22:15,05h 15m,284,38 Seats available,N/A,Hyderabad to Kurnool,https://www.redbus.in/bus-tickets/hyderabad-to-kurnool
NS Travels,Non A/C Seater / Sleeper (2+1),22:00,04:15,06h 15m,400,32 Seats available,N/A,Hyderabad to Kurnool,https://www.redbus.in/bus-tickets/hyderabad-to-kurnool
NueGo,Electric A/C Seater (2+2),13:30,18:45,05h 15m,237,43 Seats available,N/A,Hyderabad to Kurnool,https://www.redbus.in/bus-tickets/hyderabad-to-kurnool
